As of Date	Cusip	ISIN number	Description	Ticker	Country	Region	Currency	Coupon	Maturity Date	Face Value Local	Face Value USD	Market Value Local	Market Value USD	Weight	Rating	Effective Yield	Mod Duration
7/1/2019	057JTYXX	BRSTNCNTF147	Brazil (Federat	EMAD	BR	Emerging Markets	BRL	10	1/1/2023	124659.4	32525.7	132.1	34.5	2.43986	BB3	6.57	2.76
7/1/2019	05BRH0XX	US105756BN96	Brazil (Federat	EMAD	BR	Emerging Markets	BRL	10.25	1/10/2028	4887.5	1275.2	5.7	1.5	0.10479	BB3	7.51	5.47
7/1/2019	05EMPYXX	US105756BL31	Brazil (Federat	EMAD	BR	Emerging Markets	BRL	12.5	1/5/2022	2216.4	578.3	2.6	0.7	0.04774	BB3	6.1	2.08
7/1/2019	05K9MDXX	BRSTNCNTF0N5	Brazil (Federat	EMAD	BR	Emerging Markets	BRL	10	1/1/2021	99733.2	26022	101.5	26.5	1.87411	BB3	5.87	1.3
7/1/2019	05Q4PMXX	US105756BT66	Brazil (Federat	EMAD	BR	Emerging Markets	BRL	8.5	1/5/2024	3150	821.9	3.3	0.9	0.06181	BB3	6.75	3.49
7/1/2019	0G9AHYXX	BRSTNCNTF170	Secretaria Teso	EMAD	BR	Emerging Markets	BRL	10	1/1/2025	86848.9	22660.3	95.6	24.9	1.7654	BB3	6.98	3.99
7/1/2019	1ES8G9XX	BRSTNCNTF1P8	Secretaria Teso	EMAD	BR	Emerging Markets	BRL	10	1/1/2027	72503.7	18917.4	80	20.9	1.47802	BB3	7.24	5.03
7/1/2019	1NTFIVXX	BRSTNCLTN7F8	Secretaria Teso	EMAD	BR	Emerging Markets	BRL	0	7/1/2020	182074.7	47506.2	166	43.3	3.06459	BB3	5.79	0.95
7/1/2019	2LCWM8XX	BRSTNCNTF1Q6	Secretaria Teso	EMAD	BR	Emerging Markets	BRL	10	1/1/2029	21818.3	5692.7	26.1	6.8	0.48202	BB3	7.38	5.92
7/1/2019	2LJ3OLXX	BRSTNCLTN7K8	Secretaria Teso	EMAD	BR	Emerging Markets	BRL	0	1/1/2022	81957.6	21384.1	67.8	17.7	1.25158	BB3	6.26	2.36
7/1/2019	312TBCXX	BRSTNCLTN7O0	Secretaria Teso	EMAD	BR	Emerging Markets	BRL	0	7/1/2022	74506.6	19440	59.5	15.5	1.09791	BB3	6.44	2.82
7/1/2019	3W08IMXX	BRSTNCLTN7Q5	Secretaria Teso	EMAD	BR	Emerging Markets	BRL	0	7/1/2023	62944.6	16423.3	46.5	12.1	0.85941	BB3	6.78	3.74
7/1/2019	3P733NXX	CL0002502871	Republic of Chi	EMAD	CL	Emerging Markets	CLP	5.1	7/15/2050	1050995	1548	2656.2	3.9	0.27685	A1	3.78	16.79
7/1/2019	1LHC49XX	CL0002269331	Republic of Chi	EMAD	CL	Emerging Markets	CLP	4.5	3/1/2021	2344465	3453.1	4909.8	7.2	0.51175	A1	2.5	1.58
7/1/2019	0EX0JRXX	CL0001974774	Republic of Chi	EMAD	CL	Emerging Markets	CLP	6	1/1/2043	3247570	4783.2	8862.6	13.1	0.92374	A1	3.67	14.19
7/1/2019	05PA3GXX	CL0001737767	Banco Central d	EMAD	CL	Emerging Markets	CLP	6	2/1/2021	470000	692.2	1013.8	1.5	0.10567	A1	2.51	1.48
7/1/2019	0BLMRCXX	CL0001964791	Banco Central d	EMAD	CL	Emerging Markets	CLP	6	3/1/2023	245000	360.9	555.5	0.8	0.0579	A1	2.71	3.26
7/1/2019	05HJ5FXX	CL0001855668	Republic of Chi	EMAD	CL	Emerging Markets	CLP	6	1/1/2022	217965	321	471.6	0.7	0.04915	A1	2.59	2.34
7/1/2019	04UVG3XX	CL0001864850	Banco Central d	EMAD	CL	Emerging Markets	CLP	6	3/1/2022	350000	515.5	775.3	1.1	0.0808	A1	2.57	2.44
7/1/2019	050320XX	US168863AU21	Republic of Chi	EMAD	CL	Emerging Markets	CLP	5.5	8/5/2020	380480.5	560.4	797.9	1.2	0.08316	A1	3.01	1.04
7/1/2019	XCNN1904	CNNXCNN19040	CNY NDF 3 MONTH	EMAD	CN	Emerging Markets	USD	0	7/31/2019	-999	-999	65.7	65.7	4.64915	A1	1.53	0.08
7/1/2019	XCNN1905	CNNXCNN19050	CNY NDF 3 MONTH	EMAD	CN	Emerging Markets	USD	0	8/31/2019	-999	-999	65.7	65.7	4.64906	A1	2.24	0.17
7/1/2019	XCNN1906	CNNXCNN19060	CNY NDF 3 MONTH	EMAD	CN	Emerging Markets	USD	0	9/30/2019	-999	-999	65.7	65.7	4.64865	A1	2.48	0.25
7/1/2019	05HYBAXX	COL17CT02864	Republic of Col	EMAD	CO	Emerging Markets	COP	7	5/4/2022	33484888	10441.2	18595.2	5.8	0.41033	BBB2	4.83	2.53
7/1/2019	05JRGBXX	XS0502258444	Republic of Col	EMAD	CO	Emerging Markets	COP	7.75	4/14/2021	2467611	769.4	1365.3	0.4	0.03013	BBB2	4.96	1.63
7/1/2019	05CMNYXX	XS0306322065	Republic of Col	EMAD	CO	Emerging Markets	COP	9.85	6/28/2027	1924515	600.1	1263.2	0.4	0.02787	BBB2	5.65	5.79
7/1/2019	05GK0SXX	COL17CT02385	Republic of Col	EMAD	CO	Emerging Markets	COP	10	7/24/2024	26883584	8382.8	18267.8	5.7	0.4031	BBB2	5.1	3.79
7/1/2019	074FQIXX	COL17CT02914	Republic of Col	EMAD	CO	Emerging Markets	COP	6	4/28/2028	28390406	8852.6	15004.3	4.7	0.33109	BBB2	5.85	6.64
7/1/2019	05QGB5XX	COL17CT02625	Republic of Col	EMAD	CO	Emerging Markets	COP	7.5	8/26/2026	28755194	8966.4	17545.7	5.5	0.38717	BBB2	5.55	5.25
7/1/2019	05L4FTXX	COL17CT02302	Republic of Col	EMAD	CO	Emerging Markets	COP	11	7/24/2020	14555913	4538.8	8875.8	2.8	0.19586	BBB2	4.33	0.93
7/1/2019	05LYYDXX	XS0833886095	Republic of Col	EMAD	CO	Emerging Markets	COP	4.38	3/21/2023	1000000	311.8	514.8	0.2	0.01136	BBB2	5.04	3.3
7/1/2019	0ZW35JXX	COL17CT03342	Republic of Col	EMAD	CO	Emerging Markets	COP	7.75	9/18/2030	17395464	5424.2	10761.8	3.4	0.23747	BBB2	6.06	7.24
7/1/2019	2LNSLLXX	COL17CT03557	Republic of Col	EMAD	CO	Emerging Markets	COP	6.25	11/26/2025	18646442	5814.3	10431.3	3.3	0.23018	BBB2	5.48	5.03
7/1/2019	1Y4BSOXX	COL17CT03490	Republic of Col	EMAD	CO	Emerging Markets	COP	7	6/30/2032	18114036	5648.3	9987.2	3.1	0.22038	BBB2	6.24	8.51
7/1/2019	1UQQCPXX	IDG000012204	Indonesia (Repu	EMAD	ID	Emerging Markets	IDR	7.5	8/15/2032	6430000	455.1	5728	0.4	0.02869	BBB2	7.88	7.94
7/1/2019	1T8B8RXX	IDP000002404	Indonesia (Repu	EMAD	ID	Emerging Markets	IDR	6.5	5/15/2021	60607856	4290.1	54067.5	3.8	0.27083	BBB2	7.03	1.72
7/1/2019	2ADJKOXX	IDG000012303	Indonesia (Repu	EMAD	ID	Emerging Markets	IDR	7.5	5/15/2038	6400000	453	5513.9	0.4	0.02762	BBB2	7.96	9.71
7/1/2019	2CIH6BXX	IDG000012501	Indonesia (Repu	EMAD	ID	Emerging Markets	IDR	7.38	5/15/2048	13765000	974.3	10992.7	0.8	0.05506	BBB2	8.44	10.87
7/1/2019	2QL23CXX	IDJ000010400	Indonesia (Repu	EMAD	ID	Emerging Markets	IDR	5.9	3/10/2021	8436570	597.2	7410.2	0.5	0.03712	BBB2	7.25	1.6
7/1/2019	3C8LGTXX	IDG000012808	Indonesia (Repu	EMAD	ID	Emerging Markets	IDR	8.13	5/15/2024	5200000	368.1	4932.5	0.3	0.02471	BBB2	6.85	3.97
7/1/2019	3C9PNSXX	IDG000012907	Indonesia (Repu	EMAD	ID	Emerging Markets	IDR	8.25	5/15/2029	7950000	562.7	7599	0.5	0.03806	BBB2	7.38	6.72
7/1/2019	0VIBEGXX	IDP000001604	Indonesia (Repu	EMAD	ID	Emerging Markets	IDR	8.25	9/15/2020	38508000	2725.7	35725.7	2.5	0.17895	BBB2	6.93	1.11
7/1/2019	0EUR1TXX	IDP000001505	Indonesia (Repu	EMAD	ID	Emerging Markets	IDR	6.75	4/15/2043	9934000	703.2	7448.3	0.5	0.03731	BBB2	8.46	10.43
7/1/2019	0DX4BBXX	IDG000010802	Indonesia (Repu	EMAD	ID	Emerging Markets	IDR	8.38	3/15/2034	137758000	9751.1	133402.4	9.4	0.66823	BBB2	7.69	8.38
7/1/2019	0EB4M1XX	IDG000012006	Indonesia (Repu	EMAD	ID	Emerging Markets	IDR	8.38	3/15/2024	132939424	9410	128022.8	9.1	0.64128	BBB2	7	3.79
7/1/2019	0EF9GNXX	IDG000011107	Indonesia (Repu	EMAD	ID	Emerging Markets	IDR	9	3/15/2029	93390680	6610.6	94063.5	6.7	0.47118	BBB2	7.5	6.43
7/1/2019	0EJ1F4XX	IDG000010703	Indonesia (Repu	EMAD	ID	Emerging Markets	IDR	8.75	2/15/2044	28188284	1995.3	26833.7	1.9	0.13441	BBB2	8.43	9.94
7/1/2019	1FXJTJXX	IDP000002107	Indonesia (Repu	EMAD	ID	Emerging Markets	IDR	8.75	8/15/2023	17180000	1216.1	16639.1	1.2	0.08335	BBB2	7.27	3.34
7/1/2019	1HQTVSXX	IDP000002206	Indonesia (Repu	EMAD	ID	Emerging Markets	IDR	8.88	11/15/2031	29525100	2089.9	27896.4	2	0.13974	BBB2	8.26	7.47
7/1/2019	16NJHFXX	IDG000011602	Indonesia (Repu	EMAD	ID	Emerging Markets	IDR	8.25	5/15/2036	88910000	6293.4	84319.1	6	0.42237	BBB2	7.7	9.14
7/1/2019	17TTPJXX	IDG000011701	Indonesia (Repu	EMAD	ID	Emerging Markets	IDR	8.75	5/15/2031	66217000	4687.1	64863	4.6	0.32491	BBB2	7.64	7.44
7/1/2019	05K4WBXX	IDG000008004	Indonesia (Repu	EMAD	ID	Emerging Markets	IDR	10	2/15/2028	20385000	1442.9	21870.9	1.5	0.10955	BBB2	7.39	5.78
7/1/2019	05LV2OXX	IDG000006602	Indonesia (Repu	EMAD	ID	Emerging Markets	IDR	12.9	6/15/2022	11023750	780.3	11326.2	0.8	0.05673	BBB2	7.35	2.48
7/1/2019	05N07FXX	IDG000006206	Indonesia (Repu	EMAD	ID	Emerging Markets	IDR	11	11/15/2020	17717000	1254.1	16990.3	1.2	0.08511	BBB2	6.35	1.26
7/1/2019	05PPRZXX	IDG000007501	Indonesia (Repu	EMAD	ID	Emerging Markets	IDR	10.25	7/15/2022	14417000	1020.5	14503	1	0.07265	BBB2	7.29	2.5
7/1/2019	05Q49BXX	IDG000007709	Indonesia (Repu	EMAD	ID	Emerging Markets	IDR	10	9/15/2024	18014000	1275.1	18583.2	1.3	0.09309	BBB2	7.06	4
7/1/2019	05NP20XX	IDG000009804	Indonesia (Repu	EMAD	ID	Emerging Markets	IDR	7	5/15/2027	90730000	6422.2	79788.7	5.6	0.39967	BBB2	7.41	5.89
7/1/2019	05O8UUXX	IDG000007204	Indonesia (Repu	EMAD	ID	Emerging Markets	IDR	11	9/15/2025	26002090	1840.5	28349.7	2	0.14201	BBB2	7.17	4.52
7/1/2019	05OBPUXX	IDG000008301	Indonesia (Repu	EMAD	ID	Emerging Markets	IDR	10.5	7/15/2038	15661000	1108.5	17991.5	1.3	0.09012	BBB2	8.04	8.85
7/1/2019	05QM4AXX	IDG000006503	Indonesia (Repu	EMAD	ID	Emerging Markets	IDR	12.8	6/15/2021	16097400	1139.4	15993.9	1.1	0.08012	BBB2	6.85	1.73
7/1/2019	05QDN2XX	IDG000010000	Indonesia (Repu	EMAD	ID	Emerging Markets	IDR	7	5/15/2022	80178000	5675.3	71977.5	5.1	0.36054	BBB2	7.13	2.54
7/1/2019	05QDX3XX	IDG000007402	Indonesia (Repu	EMAD	ID	Emerging Markets	IDR	10.25	7/15/2027	14774100	1045.8	16056.5	1.1	0.08043	BBB2	7.41	5.43
7/1/2019	05S317XX	IDG000009101	Indonesia (Repu	EMAD	ID	Emerging Markets	IDR	8.25	7/15/2021	100027792	7080.4	94682.4	6.7	0.47428	BBB2	7.07	1.79
7/1/2019	05SR4MXX	IDG000007907	Indonesia (Repu	EMAD	ID	Emerging Markets	IDR	9.5	7/15/2023	24680000	1746.9	24938.2	1.8	0.12492	BBB2	6.96	3.23
7/1/2019	05GP8FXX	IDG000009002	Indonesia (Repu	EMAD	ID	Emerging Markets	IDR	10.5	8/15/2030	23500000	1663.4	26363.2	1.9	0.13206	BBB2	7.58	6.76
7/1/2019	05HGVZXX	IDG000010406	Indonesia (Repu	EMAD	ID	Emerging Markets	IDR	6.63	5/15/2033	48243000	3414.8	39473.4	2.8	0.19773	BBB2	7.72	8.62
7/1/2019	05DFLVXX	IDG000010307	Indonesia (Repu	EMAD	ID	Emerging Markets	IDR	6.13	5/15/2028	29895000	2116.1	24781.8	1.8	0.12414	BBB2	7.36	6.58
7/1/2019	056DGUXX	IDG000009705	Indonesia (Repu	EMAD	ID	Emerging Markets	IDR	8.25	6/15/2032	42798000	3029.4	39906	2.8	0.19989	BBB2	7.75	7.96
7/1/2019	05KF9DXX	IDG000009507	Indonesia (Repu	EMAD	ID	Emerging Markets	IDR	8.38	9/15/2026	121414000	8594.2	117763.8	8.3	0.58989	BBB2	7.26	5.29
7/1/2019	05IRP9XX	IDG000010208	Indonesia (Repu	EMAD	ID	Emerging Markets	IDR	5.63	5/15/2023	35516000	2514	30512	2.2	0.15284	BBB2	6.97	3.38
7/1/2019	0503KLXX	IDG000009606	Indonesia (Repu	EMAD	ID	Emerging Markets	IDR	9.5	5/15/2041	17236572	1220.1	17743.5	1.3	0.08888	BBB2	8.11	9.78
7/1/2019	0511OQXX	IDG000009200	Indonesia (Repu	EMAD	ID	Emerging Markets	IDR	9.5	7/15/2031	27096000	1918	28581.2	2	0.14317	BBB2	7.72	7.16
7/1/2019	04SIRYXX	IDG000010109	Indonesia (Repu	EMAD	ID	Emerging Markets	IDR	6.38	4/15/2042	13392000	947.9	9878.7	0.7	0.04948	BBB2	8.2	10.58
7/1/2019	0513DQXX	IDG000007808	Indonesia (Repu	EMAD	ID	Emerging Markets	IDR	9.75	5/15/2037	9626304	681.4	10066.4	0.7	0.05042	BBB2	8.06	8.95
7/1/2019	3MMVHFXX	IDG000013202	Indonesia (Repu	EMAD	ID	Emerging Markets	IDR	8.38	4/15/2039	40680000	2879.5	38414.6	2.7	0.19242	BBB2	7.97	9.62
7/1/2019	XINN1904	INNXINN19040	INR NDF 3 MONTH	EMAD	IN	Emerging Markets	USD	0	7/31/2019	-999	-999	67.8	67.8	4.79901	BBB3	6.85	0.08
7/1/2019	XINN1905	INNXINN19050	INR NDF 3 MONTH	EMAD	IN	Emerging Markets	USD	0	8/31/2019	-999	-999	67.8	67.8	4.79875	BBB3	6.97	0.17
7/1/2019	XINN1906	INNXINN19060	INR NDF 3 MONTH	EMAD	IN	Emerging Markets	USD	0	9/30/2019	-999	-999	67.8	67.8	4.79939	BBB3	6.88	0.25
7/1/2019	3TDSTCXX	MX0MGO000151	Mexico (United	EMAD	MX	Emerging Markets	MXN	8	9/5/2024	70507.3	3670	70.7	3.7	0.2603	BBB1	7.7	4.09
7/1/2019	04ZSJOXX	MX0MGO0000D8	Mexico (United	EMAD	MX	Emerging Markets	MXN	7.5	6/3/2027	287717.4	14976.2	278.4	14.5	1.02562	BBB1	7.57	5.87
7/1/2019	0524YAXX	MX0MGO0000J5	Mexico (United	EMAD	MX	Emerging Markets	MXN	8.5	11/18/2038	137746.6	7170	142.5	7.4	0.52494	BBB1	7.89	9.66
7/1/2019	05I54AXX	MX0MGO0000H9	Mexico (United	EMAD	MX	Emerging Markets	MXN	8.5	5/31/2029	173244.2	9017.7	178.6	9.3	0.65794	BBB1	7.64	6.7
7/1/2019	05JKUJXX	MX0MGO000078	Mexico (United	EMAD	MX	Emerging Markets	MXN	10	12/5/2024	260326.9	13550.5	281.4	14.6	1.03637	BBB1	7.46	4.21
7/1/2019	05K4Q4XX	MX0MGO0000Q0	Mexico (United	EMAD	MX	Emerging Markets	MXN	6.5	6/9/2022	263246.1	13702.4	248.7	12.9	0.91597	BBB1	7.43	2.62
7/1/2019	05BURFXX	MX0MGO0000B2	Mexico (United	EMAD	MX	Emerging Markets	MXN	10	11/20/2036	87607.5	4560.1	102.7	5.3	0.37837	BBB1	7.86	8.92
7/1/2019	05GQ50XX	MX0MGO0000N7	Mexico (United	EMAD	MX	Emerging Markets	MXN	6.5	6/10/2021	274662.6	14296.7	260.4	13.6	0.9593	BBB1	7.62	1.79
7/1/2019	05T00WXX	MX0MGO000003	Mexico (United	EMAD	MX	Emerging Markets	MXN	8	12/7/2023	241254.1	12557.7	238.8	12.4	0.87947	BBB1	7.47	3.68
7/1/2019	05NF26XX	MX0MGO0000R8	Mexico (United	EMAD	MX	Emerging Markets	MXN	7.75	11/13/2042	195944.3	10199.2	188	9.8	0.69238	BBB1	7.91	10.57
7/1/2019	05NG0FXX	MX0MGO0000P2	Mexico (United	EMAD	MX	Emerging Markets	MXN	7.75	5/29/2031	142162	7399.8	139.2	7.2	0.51278	BBB1	7.67	7.67
7/1/2019	1B2IKLXX	MX0MGO0000Y4	Mexico (United	EMAD	MX	Emerging Markets	MXN	5.75	3/5/2026	159299.4	8291.8	142.6	7.4	0.52543	BBB1	7.5	5.28
7/1/2019	0P7WGEXX	MX0MGO0000U2	Mexico (United	EMAD	MX	Emerging Markets	MXN	7.75	11/23/2034	90601.3	4716	88.1	4.6	0.32448	BBB1	7.78	8.85
7/1/2019	2UXZXXXX	MX0MGO000144	Mexico (United	EMAD	MX	Emerging Markets	MXN	7.25	12/9/2021	191635.5	9975	184.7	9.6	0.68031	BBB1	7.47	2.19
7/1/2019	21EBH9XX	MX0MGO000102	Mexico (United	EMAD	MX	Emerging Markets	MXN	8	11/7/2047	111585.8	5808.2	109.6	5.7	0.40355	BBB1	7.95	11.13
7/1/2019	2350GDXX	MYBML1700020	Malaysia (Gover	EMAD	MY	Emerging Markets	MYR	4.06	9/30/2024	11000	2661.8	2.2	0.5	0.03789	A3	3.46	4.66
7/1/2019	23J8GYXX	MYBMX1700033	Malaysia (Gover	EMAD	MY	Emerging Markets	MYR	4.76	4/7/2037	12500	3024.8	2.7	0.6	0.0455	A3	4.07	12.07
7/1/2019	2418OZXX	MYBGI1700036	Malaysia (Gover	EMAD	MY	Emerging Markets	MYR	3.95	4/14/2022	11000	2661.8	2.2	0.5	0.03733	A3	3.38	2.6
7/1/2019	1ZVN96XX	MYBGL1700022	Malaysia (Gover	EMAD	MY	Emerging Markets	MYR	4.05	8/15/2024	12000	2903.8	2.4	0.6	0.04131	A3	3.52	4.54
7/1/2019	2AHYM8XX	MYBMH1700051	Malaysia (Gover	EMAD	MY	Emerging Markets	MYR	3.44	2/15/2021	3500	846.9	0.7	0.2	0.01183	A3	3.25	1.55
7/1/2019	1YXVHUXX	MYBGO1700018	Malaysia (Gover	EMAD	MY	Emerging Markets	MYR	4.26	7/26/2027	11000	2661.8	2.3	0.5	0.03859	A3	3.69	6.7
7/1/2019	250VVHXX	MYBGZ1700048	Malaysia (Gover	EMAD	MY	Emerging Markets	MYR	4.9	5/8/2047	9000	2177.9	1.9	0.5	0.03265	A3	4.34	15.57
7/1/2019	25M708XX	MYBMO1700040	Malaysia (Gover	EMAD	MY	Emerging Markets	MYR	3.9	11/16/2027	14500	3508.8	2.9	0.7	0.049	A3	3.66	7.07
7/1/2019	29XVIKXX	MYBGX1700050	Malaysia (Gover	EMAD	MY	Emerging Markets	MYR	4.76	8/4/2037	14500	3508.8	3.1	0.7	0.05302	A3	4.07	12.13
7/1/2019	2VVX3VXX	MYBGO1800024	Malaysia (Gover	EMAD	MY	Emerging Markets	MYR	4.37	10/31/2028	12000	2903.8	2.5	0.6	0.04216	A3	3.68	7.62
7/1/2019	2WB7H0XX	MYBMT1800039	Malaysia (Gover	EMAD	MY	Emerging Markets	MYR	4.64	11/7/2033	9500	2298.9	2	0.5	0.03411	A3	3.95	10.51
7/1/2019	2YFXNCXX	MYBGJ1800032	Malaysia (Gover	EMAD	MY	Emerging Markets	MYR	4.09	11/30/2023	11500	2782.8	2.3	0.6	0.0391	A3	3.48	4.01
7/1/2019	2ZHS0KXX	MYBMX1800049	Malaysia (Gover	EMAD	MY	Emerging Markets	MYR	4.89	6/8/2038	5500	1330.9	1.2	0.3	0.02017	A3	4.07	12.62
7/1/2019	3263Q0XX	MYBMZ1800051	Malaysia (Gover	EMAD	MY	Emerging Markets	MYR	4.92	7/6/2048	6000	1451.9	1.3	0.3	0.02219	A3	4.35	15.63
7/1/2019	2RULM4XX	MYBMK1800012	Malaysia (Gover	EMAD	MY	Emerging Markets	MYR	3.88	3/14/2025	7000	1693.9	1.4	0.3	0.02383	A3	3.51	5.03
7/1/2019	2OEALCXX	MYBGL1800012	Malaysia (Gover	EMAD	MY	Emerging Markets	MYR	4.13	8/15/2025	12500	3024.8	2.5	0.6	0.04338	A3	3.56	5.31
7/1/2019	2167G3XX	MYBMI1700018	Malaysia (Gover	EMAD	MY	Emerging Markets	MYR	3.88	3/10/2022	11400	2758.6	2.3	0.5	0.03866	A3	3.33	2.51
7/1/2019	2HD09EXX	MYBGT1700066	Malaysia (Gover	EMAD	MY	Emerging Markets	MYR	4.72	6/15/2033	12500	3024.8	2.6	0.6	0.0449	A3	3.96	10.31
7/1/2019	0PFQLKXX	MYBZL1400029	Malaysia (Gover	EMAD	MY	Emerging Markets	MYR	4.35	10/7/2021	6000	1451.9	1.2	0.3	0.0205	A3	3.34	2.13
7/1/2019	0MNBCVXX	MYBZN1400017	Malaysia (Gover	EMAD	MY	Emerging Markets	MYR	4.73	2/21/2024	5500	1330.9	1.1	0.3	0.01941	A3	3.49	4.1
7/1/2019	0OJMS8XX	MYBML1400035	Malaysia (Gover	EMAD	MY	Emerging Markets	MYR	4.05	9/30/2021	11700	2831.2	2.3	0.6	0.0397	A3	3.32	2.12
7/1/2019	0ZPKGLXX	MYBGL1500018	Malaysia (Gover	EMAD	MY	Emerging Markets	MYR	4.19	7/15/2022	10000	2419.8	2	0.5	0.03446	A3	3.38	2.79
7/1/2019	11NOOTXX	MYBGJ1500020	Malaysia (Gover	EMAD	MY	Emerging Markets	MYR	3.8	8/27/2020	10000	2419.8	2	0.5	0.0337	A3	3.22	1.11
7/1/2019	122SRXXX	MYBMO1500010	Malaysia (Gover	EMAD	MY	Emerging Markets	MYR	3.96	9/15/2025	13672.2	3308.5	2.7	0.7	0.04677	A3	3.54	5.42
7/1/2019	12BWRZXX	MYBGT1500037	Malaysia (Gover	EMAD	MY	Emerging Markets	MYR	4.25	9/30/2030	7000	1693.9	1.4	0.3	0.02434	A3	3.78	8.85
7/1/2019	0EIBBHXX	MYBGL1300690	Malaysia (Gover	EMAD	MY	Emerging Markets	MYR	3.72	3/23/2021	9500	2298.9	1.9	0.5	0.03205	A3	3.29	1.65
7/1/2019	0E3958XX	MYBZK1300221	Malaysia (Gover	EMAD	MY	Emerging Markets	MYR	3.97	8/19/2020	2700	653.4	0.5	0.1	0.00911	A3	3.21	1.09
7/1/2019	0EA1TBXX	MYBGX1300687	Malaysia (Gover	EMAD	MY	Emerging Markets	MYR	4.58	8/30/2033	12000	2903.8	2.5	0.6	0.04325	A3	3.91	10.36
7/1/2019	0G8HLHXX	MYBMO1400013	Malaysia (Gover	EMAD	MY	Emerging Markets	MYR	4.18	7/15/2024	11020	2666.7	2.2	0.5	0.03834	A3	3.49	4.44
7/1/2019	0FALXZXX	MYBGO1300710	Malaysia (Gover	EMAD	MY	Emerging Markets	MYR	4.44	5/22/2024	12500	3024.8	2.5	0.6	0.04338	A3	3.5	4.37
7/1/2019	0FGCS4XX	MYBGS1300729	Malaysia (Gover	EMAD	MY	Emerging Markets	MYR	4.94	12/6/2028	5000	1209.9	1.1	0.3	0.01833	A3	3.68	7.59
7/1/2019	0ELMW3XX	MYBMZ1300078	Malaysia (Gover	EMAD	MY	Emerging Markets	MYR	4.94	9/30/2043	6500	1572.9	1.4	0.3	0.0239	A3	4.3	14.38
7/1/2019	1BKWJ8XX	MYBGX1500062	Malaysia (Gover	EMAD	MY	Emerging Markets	MYR	4.79	10/31/2035	7000	1693.9	1.5	0.4	0.02535	A3	4.04	11.42
7/1/2019	12SBYAXX	MYBML1500024	Malaysia (Gover	EMAD	MY	Emerging Markets	MYR	3.8	9/30/2022	11000	2661.8	2.2	0.5	0.03728	A3	3.39	3.01
7/1/2019	133VSOXX	MYBGO1500046	Malaysia (Gover	EMAD	MY	Emerging Markets	MYR	3.99	10/15/2025	10500	2540.8	2.1	0.5	0.03583	A3	3.59	5.49
7/1/2019	1386RQXX	MYBMJ1500036	Malaysia (Gover	EMAD	MY	Emerging Markets	MYR	3.66	10/15/2020	11742.1	2841.4	2.3	0.6	0.03938	A3	3.24	1.24
7/1/2019	14Q3XWXX	MYBMY1500043	Malaysia (Gover	EMAD	MY	Emerging Markets	MYR	4.25	5/31/2035	7161	1732.8	1.4	0.3	0.02439	A3	4.01	11.52
7/1/2019	1IB7U3XX	MYBGO1600036	Malaysia (Gover	EMAD	MY	Emerging Markets	MYR	4.07	9/30/2026	10500	2540.8	2.1	0.5	0.0361	A3	3.62	6.19
7/1/2019	1H2307XX	MYBGJ1600028	Malaysia (Gover	EMAD	MY	Emerging Markets	MYR	3.74	8/26/2021	7000	1693.9	1.4	0.3	0.02362	A3	3.32	2.03
7/1/2019	1HNJSOXX	MYBMZ1600022	Malaysia (Gover	EMAD	MY	Emerging Markets	MYR	4.74	3/15/2046	10500	2540.8	2.2	0.5	0.03724	A3	4.37	15.21
7/1/2019	1G03BZXX	MYBML1600014	Malaysia (Gover	EMAD	MY	Emerging Markets	MYR	3.8	8/17/2023	10000	2419.8	2	0.5	0.03395	A3	3.46	3.75
7/1/2019	1LLXFRXX	MYBMO1600034	Malaysia (Gover	EMAD	MY	Emerging Markets	MYR	3.9	11/30/2026	9500	2298.9	1.9	0.5	0.03219	A3	3.62	6.39
7/1/2019	1LW50TXX	MYBMJ1600042	Malaysia (Gover	EMAD	MY	Emerging Markets	MYR	3.62	11/30/2021	10000	2419.8	1.9	0.5	0.03338	A3	3.31	2.29
7/1/2019	1E31DJXX	MYBGL1600016	Malaysia (Gover	EMAD	MY	Emerging Markets	MYR	4.39	7/7/2023	10500	2540.8	2.1	0.5	0.03668	A3	3.48	3.59
7/1/2019	05N1KUXX	MYBGN1000601	Malaysia (Gover	EMAD	MY	Emerging Markets	MYR	4	11/30/2020	3000	726	0.6	0.1	0.01007	A3	3.25	1.36
7/1/2019	05OBH8XX	MYBMX0600028	Malaysia (Gover	EMAD	MY	Emerging Markets	MYR	4.71	9/15/2026	3110	752.6	0.7	0.2	0.01113	A3	3.6	6.05
7/1/2019	05OBL2XX	MYBMS1100036	Malaysia (Gover	EMAD	MY	Emerging Markets	MYR	4.39	4/15/2026	11274.3	2728.2	2.3	0.6	0.03949	A3	3.58	5.81
7/1/2019	05O6UKXX	MYBMO1100019	Malaysia (Gover	EMAD	MY	Emerging Markets	MYR	4.16	7/15/2021	13500	3266.8	2.7	0.6	0.04581	A3	3.86	1.9
7/1/2019	05Q4DVXX	MYBMY0500036	Malaysia (Gover	EMAD	MY	Emerging Markets	MYR	4.84	7/15/2025	3000	726	0.6	0.2	0.01085	A3	3.53	5.14
7/1/2019	05T9LHXX	MYBMX1100044	Malaysia (Gover	EMAD	MY	Emerging Markets	MYR	4.23	6/30/2031	12750	3085.3	2.6	0.6	0.04381	A3	3.82	9.41
7/1/2019	05QG7RXX	MYBGN1100252	Malaysia (Gover	EMAD	MY	Emerging Markets	MYR	4.17	4/30/2021	12500	3024.8	2.5	0.6	0.04237	A3	3.3	1.74
7/1/2019	072BNTXX	MYBMX1300040	Malaysia (Gover	EMAD	MY	Emerging Markets	MYR	3.84	4/15/2033	14000	3387.8	2.7	0.7	0.04637	A3	3.93	10.52
7/1/2019	0739FHXX	MYBGO1300330	Malaysia (Gover	EMAD	MY	Emerging Markets	MYR	3.49	10/31/2023	4000	967.9	0.8	0.2	0.01327	A3	3.48	3.97
7/1/2019	0761U4XX	MYBMS1300057	Malaysia (Gover	EMAD	MY	Emerging Markets	MYR	3.73	6/15/2028	11500	2782.8	2.2	0.5	0.03831	A3	3.65	7.55
7/1/2019	0DVBIAXX	MYBMK1300062	Malaysia (Gover	EMAD	MY	Emerging Markets	MYR	3.89	7/31/2020	7973.1	1929.4	1.6	0.4	0.027	A3	3.18	1.04
7/1/2019	06X6WLXX	MYBGT1300016	Malaysia (Gover	EMAD	MY	Emerging Markets	MYR	3.87	8/8/2028	3000	726	0.6	0.1	0.01024	A3	3.67	7.52
7/1/2019	070P6SXX	MYBMN1300033	Malaysia (Gover	EMAD	MY	Emerging Markets	MYR	3.48	3/15/2023	11420	2763.5	2.2	0.5	0.03831	A3	3.42	3.42
7/1/2019	0717KMXX	MYBZN1300019	Malaysia (Gover	EMAD	MY	Emerging Markets	MYR	3.73	3/22/2023	1700	411.4	0.3	0.1	0.00577	A3	3.43	3.42
7/1/2019	05EA9BXX	MYBZO1200373	Malaysia (Gover	EMAD	MY	Emerging Markets	MYR	3.7	4/25/2023	1900	459.8	0.4	0.1	0.00643	A3	3.49	3.51
7/1/2019	05K4ELXX	MYBMS1200026	Malaysia (Gover	EMAD	MY	Emerging Markets	MYR	3.89	3/15/2027	5500	1330.9	1.1	0.3	0.01867	A3	3.64	6.55
7/1/2019	05JCOYXX	MYBZN1200011	Malaysia (Gover	EMAD	MY	Emerging Markets	MYR	3.69	7/12/2022	9000	2177.9	1.8	0.4	0.03058	A3	3.38	2.8
7/1/2019	051643XX	MYBMX0800032	Malaysia (Gover	EMAD	MY	Emerging Markets	MYR	5.25	9/15/2028	5040	1219.6	1.1	0.3	0.01892	A3	3.66	7.3
7/1/2019	05000GXX	MYBMO1200017	Malaysia (Gover	EMAD	MY	Emerging Markets	MYR	3.42	8/15/2022	10500	2540.8	2.1	0.5	0.03525	A3	3.38	2.9
7/1/2019	04SJGNXX	MYBGO1200373	Malaysia (Gover	EMAD	MY	Emerging Markets	MYR	3.7	11/15/2022	8500	2056.9	1.7	0.4	0.02848	A3	3.41	3.14
7/1/2019	04PINQXX	MYBMX1200042	Malaysia (Gover	EMAD	MY	Emerging Markets	MYR	4.13	4/15/2032	5500	1330.9	1.1	0.3	0.01878	A3	3.87	9.83
7/1/2019	04RF6WXX	MYBMX0700034	Malaysia (Gover	EMAD	MY	Emerging Markets	MYR	3.5	5/31/2027	6000	1451.9	1.2	0.3	0.01973	A3	3.65	6.83
7/1/2019	04RFKKXX	MYBMX1000038	Malaysia (Gover	EMAD	MY	Emerging Markets	MYR	4.5	4/15/2030	12770	3090.1	2.7	0.6	0.04546	A3	3.76	8.51
7/1/2019	04SK55XX	MYBGS1200598	Malaysia (Gover	EMAD	MY	Emerging Markets	MYR	3.9	6/15/2027	5000	1209.9	1	0.2	0.01693	A3	3.64	6.79
7/1/2019	3T72VGXX	MYBGY1900021	Malaysia (Gover	EMAD	MY	Emerging Markets	MYR	4.47	9/15/2039	4500	1088.9	0.9	0.2	0.0159	A3	4.07	13.27
7/1/2019	3QECQ3XX	MYBMO1900020	Malaysia (Gover	EMAD	MY	Emerging Markets	MYR	3.89	8/15/2029	9000	2177.9	1.8	0.4	0.03084	A3	3.64	8.22
7/1/2019	3MNMMHXX	MYBGO1900014	Malaysia (Gover	EMAD	MY	Emerging Markets	MYR	4.13	7/9/2029	5000	1209.9	1	0.2	0.01757	A3	3.67	8.04
7/1/2019	3N850RXX	MYBML1900018	Malaysia (Gover	EMAD	MY	Emerging Markets	MYR	3.91	7/15/2026	7500	1814.9	1.5	0.4	0.02581	A3	3.56	6.02
7/1/2019	2UT8ZXXX	MYBMI1800024	Malaysia (Gover	EMAD	MY	Emerging Markets	MYR	3.76	4/20/2023	8900	2153.7	1.8	0.4	0.03003	A3	3.42	3.5
7/1/2019	3C42F4XX	MYBGH1800044	Malaysia (Gover	EMAD	MY	Emerging Markets	MYR	3.73	3/31/2022	6800	1645.5	1.3	0.3	0.02286	A3	3.36	2.57
7/1/2019	42891RXX	MYBMI1900030	Malaysia (Gover	EMAD	MY	Emerging Markets	MYR	3.48	6/14/2024	4000	967.9	0.8	0.2	0.01323	A3	3.44	4.51
7/1/2019	3W93RIXX	MYBGJ1900048	Malaysia (Gover	EMAD	MY	Emerging Markets	MYR	3.66	10/15/2024	3500	846.9	0.7	0.2	0.01184	A3	3.46	4.74
7/1/2019	3URT5AXX	MYBGK1900038	Malaysia (Gover	EMAD	MY	Emerging Markets	MYR	3.73	3/31/2026	4000	967.9	0.8	0.2	0.01339	A3	3.62	5.87
7/1/2019	3Z3MMDXX	MYBGZ1900051	Malaysia (Gover	EMAD	MY	Emerging Markets	MYR	4.64	11/15/2049	4000	967.9	0.8	0.2	0.0139	A3	4.35	16.46
7/1/2019	40WKGOXX	MYBGT1900062	Malaysia (Gover	EMAD	MY	Emerging Markets	MYR	4.12	11/30/2034	4000	967.9	0.8	0.2	0.01352	A3	3.93	11.35
7/1/2019	3NRUA4XX	PHY6972HCZ74	Philippines (Re	EMAD	PH	Emerging Markets	PHP	6.75	1/24/2039	51504	1005.3	28.4	0.6	0.03926	BBB2	5.17	11.3
7/1/2019	3MXR33XX	PHY6972HCX27	Philippines (Re	EMAD	PH	Emerging Markets	PHP	6.88	1/10/2029	100000	1951.8	52.6	1	0.07266	BBB2	5.09	6.93
7/1/2019	3QEZBYXX	PHY6972HDE37	Philippines (Re	EMAD	PH	Emerging Markets	PHP	6.25	2/14/2026	70000	1366.3	34.4	0.7	0.04749	BBB2	5.08	5.31
7/1/2019	3RYGWFXX	PHY6972HDG84	Philippines (Re	EMAD	PH	Emerging Markets	PHP	6.25	3/12/2024	113772	2220.6	55	1.1	0.07597	BBB2	4.98	3.99
7/1/2019	04V3GKXX	PHY6972FRR38	Philippines (Re	EMAD	PH	Emerging Markets	PHP	4.88	8/2/2022	22553.9	440.2	10.4	0.2	0.0143	BBB2	4.95	2.78
7/1/2019	04UX1UXX	PHY6972FML13	Philippines (Re	EMAD	PH	Emerging Markets	PHP	8	9/30/2035	62220.4	1214.4	36.8	0.7	0.05083	BBB2	5.31	9.8
7/1/2019	04RFPUXX	PHY6972FRU66	Philippines (Re	EMAD	PH	Emerging Markets	PHP	5.75	8/16/2037	38159.6	744.8	18.5	0.4	0.02548	BBB2	5.32	11.13
7/1/2019	05377HXX	PHY6972FMH01	Philippines (Re	EMAD	PH	Emerging Markets	PHP	6.13	9/16/2020	24554.8	479.3	11.4	0.2	0.01577	BBB2	5.01	1.14
7/1/2019	05380TXX	PHY6972FNA49	Philippines (Re	EMAD	PH	Emerging Markets	PHP	8.13	12/16/2035	163216.5	3185.6	96.5	1.9	0.13323	BBB2	5.31	9.98
7/1/2019	052AKLXX	PHY6972FPG90	Philippines (Re	EMAD	PH	Emerging Markets	PHP	6.5	4/28/2021	38185.6	745.3	17.9	0.3	0.02468	BBB2	5.01	1.69
7/1/2019	058JXGXX	PHY6972FRS11	Philippines (Re	EMAD	PH	Emerging Markets	PHP	4.75	9/13/2022	22944.6	447.8	10.4	0.2	0.01441	BBB2	4.95	2.89
7/1/2019	059W1YXX	PHY6972FHF00	Philippines (Re	EMAD	PH	Emerging Markets	PHP	9.5	12/4/2028	17032.3	332.4	10.1	0.2	0.01402	BBB2	5.23	6.64
7/1/2019	059W7FXX	US718286BJ59	Philippines (Re	EMAD	PH	Emerging Markets	PHP	4.95	1/15/2021	44109	860.9	20.4	0.4	0.0282	BBB2	4.74	1.43
7/1/2019	05ITWSXX	PHY6972FPV67	Philippines (Re	EMAD	PH	Emerging Markets	PHP	8	7/19/2031	255837.2	4993.4	149.3	2.9	0.20615	BBB2	5.12	7.99
7/1/2019	05J54NXX	PHY6972FQJ21	Philippines (Re	EMAD	PH	Emerging Markets	PHP	7.63	9/29/2036	32186.4	628.2	18.6	0.4	0.02564	BBB2	5.31	10.26
7/1/2019	05I4LNXX	PHY6972FSE16	Philippines (Re	EMAD	PH	Emerging Markets	PHP	5.88	3/1/2032	132682	2589.7	62.9	1.2	0.08692	BBB2	5.4	8.95
7/1/2019	05G2NYXX	PHY6972FSC59	Philippines (Re	EMAD	PH	Emerging Markets	PHP	5.38	3/1/2027	42534.7	830.2	19.5	0.4	0.02691	BBB2	5.24	6.23
7/1/2019	05G2WGXX	PHY6972FSD33	Philippines (Re	EMAD	PH	Emerging Markets	PHP	5.88	2/2/2032	35530.3	693.5	17.4	0.3	0.02399	BBB2	5.23	8.75
7/1/2019	05CKG6XX	PHY6972FRD42	Philippines (Re	EMAD	PH	Emerging Markets	PHP	6.13	10/24/2037	179131.6	3496.3	88	1.7	0.12148	BBB2	5.5	11.14
7/1/2019	055FG5XX	PHY6972FCN88	Philippines (Re	EMAD	PH	Emerging Markets	PHP	8	12/7/2026	12072.2	235.6	6.4	0.1	0.00884	BBB2	5.23	5.71
7/1/2019	05AZG0XX	PHY6972FNS56	Philippines (Re	EMAD	PH	Emerging Markets	PHP	7.38	3/3/2021	57621.1	1124.6	27.1	0.5	0.03744	BBB2	5.1	1.56
7/1/2019	05HAUMXX	PHY6972FRC68	Philippines (Re	EMAD	PH	Emerging Markets	PHP	6.38	1/19/2022	57907.9	1130.2	27.8	0.5	0.03835	BBB2	4.92	2.28
7/1/2019	05S9Y3XX	PHY6972FKF62	Philippines (Re	EMAD	PH	Emerging Markets	PHP	9.25	11/5/2034	28054.6	547.6	18	0.4	0.02492	BBB2	5.3	9.25
7/1/2019	05WGHZXX	PHY6972FTM23	Philippines (Re	EMAD	PH	Emerging Markets	PHP	4	12/6/2022	56940.7	1111.4	25	0.5	0.03453	BBB2	4.95	3.15
7/1/2019	074OLCXX	PHY6972FTW05	Philippines (Re	EMAD	PH	Emerging Markets	PHP	3.63	3/21/2033	89250.4	1742	34.2	0.7	0.0472	BBB2	5.29	10.23
7/1/2019	05TA6AXX	PHY6972FLS74	Philippines (Re	EMAD	PH	Emerging Markets	PHP	8.75	5/27/2030	72412.6	1413.3	43	0.8	0.05934	BBB2	5.06	7.5
7/1/2019	05THY7XX	US718286BX44	Philippines (Re	EMAD	PH	Emerging Markets	PHP	3.9	11/26/2022	30800	601.2	13.6	0.3	0.01882	BBB2	4.65	3.13
7/1/2019	05R62EXX	US718286BM88	Philippines (Re	EMAD	PH	Emerging Markets	PHP	6.25	1/14/2036	54770	1069	28.7	0.6	0.03964	BBB2	5.06	10.39
7/1/2019	05Q6P4XX	PHY6972FMZ09	Philippines (Re	EMAD	PH	Emerging Markets	PHP	5.88	12/16/2020	26642.6	520	12.2	0.2	0.01684	BBB2	5.01	1.38
7/1/2019	05OP63XX	PHY6972FNJ57	Philippines (Re	EMAD	PH	Emerging Markets	PHP	7.25	8/19/2020	17089.1	333.5	8	0.2	0.01099	BBB2	5.09	1.08
7/1/2019	05ORDFXX	PHY6972FGG91	Philippines (Re	EMAD	PH	Emerging Markets	PHP	11.25	1/26/2031	11044.9	215.6	7.9	0.2	0.0109	BBB2	5.07	7.28
7/1/2019	05L7ESXX	PHY6972FQW32	Philippines (Re	EMAD	PH	Emerging Markets	PHP	5.75	11/24/2021	42978.1	838.8	19.8	0.4	0.02737	BBB2	5.04	2.21
7/1/2019	05MF0BXX	PHY6972FEW69	Philippines (Re	EMAD	PH	Emerging Markets	PHP	8.5	11/29/2032	46008.3	898	27.1	0.5	0.03749	BBB2	5.34	8.64
7/1/2019	05MFYQXX	PHY6972FRE25	Philippines (Re	EMAD	PH	Emerging Markets	PHP	5.75	9/27/2032	20254.1	395.3	9.7	0.2	0.01344	BBB2	5.23	9.18
7/1/2019	1JNC4PXX	PHY6972FWM85	Philippines (Re	EMAD	PH	Emerging Markets	PHP	3.5	4/21/2023	86772	1693.6	37.4	0.7	0.05163	BBB2	5.02	3.48
7/1/2019	18TNQOXX	PHY6972FVS64	Philippines (Re	EMAD	PH	Emerging Markets	PHP	3.38	8/20/2020	109732	2141.7	49.2	1	0.06795	BBB2	5.06	1.08
7/1/2019	19FXWQXX	PHY6972FVW76	Philippines (Re	EMAD	PH	Emerging Markets	PHP	3.63	9/9/2025	143659.5	2803.9	60.5	1.2	0.08357	BBB2	5.1	5.37
7/1/2019	19FXWRXX	PHY6972FVX59	Philippines (Re	EMAD	PH	Emerging Markets	PHP	4.63	9/9/2040	142558	2782.4	58.9	1.1	0.08136	BBB2	5.41	12.74
7/1/2019	0EKZ8DXX	PHY6972FUR90	Philippines (Re	EMAD	PH	Emerging Markets	PHP	3.25	8/15/2023	141422.5	2760.3	59.7	1.2	0.08247	BBB2	5.13	3.8
7/1/2019	0V4B35XX	PHY6972FVB30	Philippines (Re	EMAD	PH	Emerging Markets	PHP	4.13	8/20/2024	119476.3	2331.9	52.8	1	0.07287	BBB2	4.93	4.49
7/1/2019	0OJJNCXX	PHY6972FUS73	Philippines (Re	EMAD	PH	Emerging Markets	PHP	3.5	3/20/2021	97583.8	1904.6	43.4	0.8	0.05988	BBB2	5.03	1.63
7/1/2019	2N3XGAXX	PHY6972HAC08	Philippines (Re	EMAD	PH	Emerging Markets	PHP	4.25	1/25/2021	49891	973.8	22.7	0.4	0.03132	BBB2	5	1.47
7/1/2019	2G0FLPXX	PHY6972FZP89	Philippines (Re	EMAD	PH	Emerging Markets	PHP	4.63	12/4/2022	255359.3	4984.1	114.5	2.2	0.15812	BBB2	4.97	3.14
7/1/2019	2Q2G8AXX	PHY6972HAE63	Philippines (Re	EMAD	PH	Emerging Markets	PHP	6.5	2/22/2038	17233	336.4	9	0.2	0.01237	BBB2	5.39	11.01
7/1/2019	2RJYV3XX	PHY6972HAF39	Philippines (Re	EMAD	PH	Emerging Markets	PHP	5.5	3/8/2023	76779	1498.6	35.9	0.7	0.04954	BBB2	4.95	3.25
7/1/2019	2T0H7PXX	PHY6972HAJ50	Philippines (Re	EMAD	PH	Emerging Markets	PHP	6.25	3/22/2028	75206	1467.9	37.3	0.7	0.05146	BBB2	5.09	6.66
7/1/2019	2UF74SXX	PHY6972HAL07	Philippines (Re	EMAD	PH	Emerging Markets	PHP	5.75	4/12/2025	73663	1437.7	34.8	0.7	0.04802	BBB2	5.07	4.83
7/1/2019	2Z237WXX	PHY6972HBA33	Philippines (Re	EMAD	PH	Emerging Markets	PHP	4.88	6/13/2021	66000	1288.2	29.8	0.6	0.04115	BBB2	5.02	1.85
7/1/2019	25HSD6XX	PHY6972FYG99	Philippines (Re	EMAD	PH	Emerging Markets	PHP	5.25	5/18/2037	30000	585.5	13.5	0.3	0.01866	BBB2	5.32	11.41
7/1/2019	241ALFXX	PHY6972FXZ89	Philippines (Re	EMAD	PH	Emerging Markets	PHP	4.5	4/20/2024	55097	1075.4	24.5	0.5	0.03378	BBB2	5.1	4.22
7/1/2019	24HHOXXX	PHY6972FYD68	Philippines (Re	EMAD	PH	Emerging Markets	PHP	4.75	5/4/2027	64936	1267.4	28.7	0.6	0.03965	BBB2	5.18	6.4
7/1/2019	1S140IXX	PHY6972FWX41	Philippines (Re	EMAD	PH	Emerging Markets	PHP	3.5	9/20/2026	100125.7	1954.2	40.7	0.8	0.05616	BBB2	5.22	6.27
7/1/2019	1YV6AWXX	PHY6972FXJ48	Philippines (Re	EMAD	PH	Emerging Markets	PHP	4	1/26/2022	75000	1463.8	33.6	0.7	0.04643	BBB2	5	2.37
7/1/2019	1RQ6A2XX	PL0000109427	Poland (Republi	EMAD	PL	Emerging Markets	PLN	2.5	7/25/2027	31971.4	8573.2	14.8	4	0.28137	A2	2.31	7.08
7/1/2019	1TRRRMXX	PL0000109492	Poland (Republi	EMAD	PL	Emerging Markets	PLN	2.25	4/25/2022	28711.5	7699.1	13.1	3.5	0.24849	A2	1.69	2.71
7/1/2019	20C1FTXX	PL0000109765	Poland (Republi	EMAD	PL	Emerging Markets	PLN	4	4/25/2047	2915.3	781.7	1.6	0.4	0.0304	A2	2.85	17.69
7/1/2019	2A1T3RXX	PL0000110151	Poland (Republi	EMAD	PL	Emerging Markets	PLN	2.5	1/25/2023	32685.4	8764.7	15.1	4.1	0.28677	A2	1.84	3.37
7/1/2019	2ED6MTXX	PL0000110375	Poland (Republi	EMAD	PL	Emerging Markets	PLN	0	7/25/2020	15703.5	4211	6.9	1.9	0.13141	A2	1.42	1.05
7/1/2019	3CXCLVXX	PL0000111191	Poland (Republi	EMAD	PL	Emerging Markets	PLN	2.5	4/25/2024	32053.1	8595.2	14.7	4	0.27989	A2	1.98	4.49
7/1/2019	0S9Z65XX	PL0000108197	Poland (Republi	EMAD	PL	Emerging Markets	PLN	3.25	7/25/2025	28428.5	7623.2	13.9	3.7	0.26417	A2	2.12	5.35
7/1/2019	0ECBAKXX	PL0000107611	Poland (Republi	EMAD	PL	Emerging Markets	PLN	2.75	4/25/2028	30207.6	8100.3	14	3.8	0.26568	A2	2.35	7.74
7/1/2019	1AVGVOXX	PL0000108916	Poland (Republi	EMAD	PL	Emerging Markets	PLN	2	4/25/2021	26798.3	7186.1	12.1	3.3	0.23021	A2	1.58	1.77
7/1/2019	19FVALXX	PL0000108866	Poland (Republi	EMAD	PL	Emerging Markets	PLN	2.5	7/25/2026	36934.8	9904.2	17.2	4.6	0.32633	A2	2.23	6.28
7/1/2019	1IDO7DXX	PL0000109153	Poland (Republi	EMAD	PL	Emerging Markets	PLN	1.75	7/25/2021	30195.2	8097	13.8	3.7	0.26137	A2	1.62	1.98
7/1/2019	05Q7ABXX	PL0000106670	Poland (Republi	EMAD	PL	Emerging Markets	PLN	5.75	10/25/2021	16181.6	4339.2	8.2	2.2	0.1556	A2	1.61	2.13
7/1/2019	05PHM1XX	PL0000107264	Poland (Republi	EMAD	PL	Emerging Markets	PLN	4	10/25/2023	26786.9	7183	13.3	3.6	0.25313	A2	1.91	3.89
7/1/2019	05QYXYXX	PL0000106126	Poland (Republi	EMAD	PL	Emerging Markets	PLN	5.25	10/25/2020	18026.4	4833.9	8.8	2.3	0.16617	A2	1.44	1.25
7/1/2019	05IGE2XX	PL0000102646	Poland (Republi	EMAD	PL	Emerging Markets	PLN	5.75	9/23/2022	22529.1	6041.3	11.8	3.2	0.22364	A2	1.77	2.89
7/1/2019	053C3QXX	PL0000105391	Poland (Republi	EMAD	PL	Emerging Markets	PLN	5.75	4/25/2029	8680.3	2327.7	5.1	1.4	0.09616	A2	2.36	7.8
7/1/2019	3PXO4CXX	PL0000111498	Poland (Republi	EMAD	PL	Emerging Markets	PLN	2.75	10/25/2029	10644	2854.2	5	1.3	0.09431	A2	2.45	8.76
7/1/2019	3HBXWPXX	PL0000111274	Poland (Republi	EMAD	PL	Emerging Markets	PLN	0	5/25/2021	11213	3006.8	4.9	1.3	0.0925	A2	1.56	1.87
7/1/2019	3YZIQRXX	PL0000111720	Poland (Republi	EMAD	PL	Emerging Markets	PLN	2.25	10/25/2024	5254.5	1409	2.4	0.6	0.04561	A2	2.09	4.9
7/1/2019	41HJA3XX	RU000A100EG3	Russian Federat	EMAD	RU	Emerging Markets	RUB	7.15	11/12/2025	20000	317.1	41.2	0.7	0.04617	BBB3	7.28	5.02
7/1/2019	41HJMBXX	RU000A100EF5	Russian Federat	EMAD	RU	Emerging Markets	RUB	7.7	3/16/2039	20000	317.1	42.5	0.7	0.04771	BBB3	7.43	10.15
7/1/2019	3XFSZ0XX	RU000A100A82	Russian Federat	EMAD	RU	Emerging Markets	RUB	7.65	4/10/2030	46258.5	733.4	99	1.6	0.11103	BBB3	7.31	7.23
7/1/2019	3L381RXX	RU000A0ZZYW2	Russian Federat	EMAD	RU	Emerging Markets	RUB	7.95	10/7/2026	326586.6	5177.7	709.1	11.2	0.79562	BBB3	7.27	5.42
7/1/2019	3UMYZRXX	RU000A1007F4	Russian Federat	EMAD	RU	Emerging Markets	RUB	7.4	7/17/2024	341389.5	5412.4	723.1	11.5	0.81125	BBB3	7.19	4.09
7/1/2019	04RFVTXX	RU000A0JREQ7	Russian Federat	EMAD	RU	Emerging Markets	RUB	7.6	4/14/2021	150000	2378.1	316.6	5	0.35519	BBB3	7.09	1.63
7/1/2019	05IFPAXX	RU000A0D0G29	Russian Federat	EMAD	RU	Emerging Markets	RUB	6.5	11/24/2021	109676.9	1738.8	225.5	3.6	0.25301	BBB3	7.16	1.39
7/1/2019	05R2PQXX	RU000A0JSMA2	Russian Federat	EMAD	RU	Emerging Markets	RUB	7.6	7/20/2022	328548.8	5208.9	708.7	11.2	0.79517	BBB3	7.08	2.62
7/1/2019	05QDR0XX	RU000A0JS3W6	Russian Federat	EMAD	RU	Emerging Markets	RUB	8.15	2/3/2027	350000	5548.9	781.3	12.4	0.87656	BBB3	7.23	5.51
7/1/2019	06VM3TXX	RU000A0JTJL3	Russian Federat	EMAD	RU	Emerging Markets	RUB	7	1/25/2023	150000	2378.1	316.6	5	0.35523	BBB3	7.16	3.03
7/1/2019	06VNHTXX	RU000A0JTK38	Russian Federat	EMAD	RU	Emerging Markets	RUB	7.05	1/19/2028	350000	5548.9	733.1	11.6	0.82247	BBB3	7.24	6.16
7/1/2019	1G7APZXX	RU000A0JVW30	Russian Federat	EMAD	RU	Emerging Markets	RUB	7.5	8/18/2021	290000	4597.7	619.3	9.8	0.69487	BBB3	7.01	1.9
7/1/2019	1G9AI1XX	RU000A0JVW48	Russian Federat	EMAD	RU	Emerging Markets	RUB	8.5	9/17/2031	250000	3963.5	573.6	9.1	0.64351	BBB3	7.33	7.63
7/1/2019	1N410KXX	RU000A0JWM07	Russian Federat	EMAD	RU	Emerging Markets	RUB	7.75	9/16/2026	350000	5548.9	755	12	0.84704	BBB3	7.27	5.39
7/1/2019	0EJQXMXX	RU000A0JU4L3	Russian Federat	EMAD	RU	Emerging Markets	RUB	7	8/16/2023	250000	3963.5	524.5	8.3	0.5884	BBB3	7.19	3.45
7/1/2019	2Q4WXFXX	RU000A0ZYUA9	Russian Federat	EMAD	RU	Emerging Markets	RUB	6.9	5/23/2029	350000	5548.9	705.9	11.2	0.79203	BBB3	7.26	7.02
7/1/2019	2Q2DIEXX	RU000A0ZYUB7	Russian Federat	EMAD	RU	Emerging Markets	RUB	7.25	5/10/2034	275362.1	4365.6	562.9	8.9	0.6315	BBB3	7.4	8.92
7/1/2019	2Q2EEZXX	RU000A0ZYU88	Russian Federat	EMAD	RU	Emerging Markets	RUB	6.5	2/28/2024	326456.9	5175.7	668.8	10.6	0.75039	BBB3	7.18	3.87
7/1/2019	2DHY53XX	RU000A0ZYCK6	Russian Federat	EMAD	RU	Emerging Markets	RUB	7	12/15/2021	350000	5548.9	721.4	11.4	0.80941	BBB3	7.11	2.22
7/1/2019	1Z6QKCXX	RU000A0JXB41	Russian Federat	EMAD	RU	Emerging Markets	RUB	7.4	12/7/2022	350000	5548.9	729.7	11.6	0.81869	BBB3	7.14	2.99
7/1/2019	1ZSJ6HXX	RU000A0JXFM1	Russian Federat	EMAD	RU	Emerging Markets	RUB	7.7	3/23/2033	350000	5548.9	752.7	11.9	0.84454	BBB3	7.38	8.35
7/1/2019	24WOS7XX	RU000A0JXQF2	Russian Federat	EMAD	RU	Emerging Markets	RUB	7.1	10/16/2024	350000	5548.9	727.1	11.5	0.8158	BBB3	7.21	4.3
7/1/2019	29VHICXX	TH0623032C00	Thailand (Kingd	EMAD	TH	Emerging Markets	THB	2	12/17/2022	206292	6726.7	65.1	2.1	0.1503	BBB1	1.82	3.33
7/1/2019	2EQY3OXX	TH062303H604	Thailand (Kingd	EMAD	TH	Emerging Markets	THB	3.6	6/17/2067	100074	3263.2	33.9	1.1	0.07817	BBB1	3.28	23.62
7/1/2019	32MHBYXX	TH0623038C04	Thailand (Kingd	EMAD	TH	Emerging Markets	THB	2.88	12/17/2028	146300	4770.5	48.8	1.6	0.11259	BBB1	2.15	8.29
7/1/2019	35Y9AEXX	TH0623A33C00	Thailand (Kingd	EMAD	TH	Emerging Markets	THB	2.4	12/17/2023	202692	6609.3	65.1	2.1	0.15019	BBB1	1.86	4.22
7/1/2019	0FY4KRXX	TH062303O600	Thailand (Kingd	EMAD	TH	Emerging Markets	THB	4.68	6/29/2044	140057	4567	57.7	1.9	0.13304	BBB1	2.91	16.1
7/1/2019	1NJC00XX	TH062303Q605	Thailand (Kingd	EMAD	TH	Emerging Markets	THB	2.88	6/17/2046	170985	5575.4	53.7	1.8	0.12385	BBB1	2.88	18.65
7/1/2019	1NWSL5XX	TH0623032602	Thailand (Kingd	EMAD	TH	Emerging Markets	THB	1.88	6/17/2022	176569	5757.5	55.5	1.8	0.12818	BBB1	1.79	2.87
7/1/2019	1P4AL2XX	TH0623036C06	Thailand (Kingd	EMAD	TH	Emerging Markets	THB	2.13	12/17/2026	228246	7442.6	72.2	2.4	0.16665	BBB1	2.01	6.87
7/1/2019	1C9H60XX	TH062303G606	Thailand (Kingd	EMAD	TH	Emerging Markets	THB	3.4	6/17/2036	189290	6172.3	67.6	2.2	0.15599	BBB1	2.41	13.14
7/1/2019	1CM1SDXX	TH0623A3G607	Thailand (Kingd	EMAD	TH	Emerging Markets	THB	4	6/17/2066	186081	6067.7	68.1	2.2	0.15707	BBB1	3.31	22.86
7/1/2019	05SKPVXX	TH0623A3K609	Thailand (Kingd	EMAD	TH	Emerging Markets	THB	5	6/22/2040	20000	652.2	8.5	0.3	0.01956	BBB1	2.79	14.18
7/1/2019	05R3GLXX	TH0623031307	Thailand (Kingd	EMAD	TH	Emerging Markets	THB	5.85	3/31/2021	69000	2249.9	23.4	0.8	0.0541	BBB1	1.85	1.65
7/1/2019	05RVL3XX	TH0623038302	Thailand (Kingd	EMAD	TH	Emerging Markets	THB	5.67	3/13/2028	61950	2020.1	25.3	0.8	0.05834	BBB1	2.08	7.05
7/1/2019	05S1T7XX	TH0623A3B608	Thailand (Kingd	EMAD	TH	Emerging Markets	THB	3.65	6/20/2031	191905	6257.6	69	2.2	0.15911	BBB1	2.27	9.85
7/1/2019	05W24DXX	TH062303HC09	Thailand (Kingd	EMAD	TH	Emerging Markets	THB	4.26	12/12/2037	211379	6892.6	82.3	2.7	0.18995	BBB1	2.48	12.33
7/1/2019	05PZEEXX	TH0623037C05	Thailand (Kingd	EMAD	TH	Emerging Markets	THB	3.58	12/17/2027	70780	2308	24.8	0.8	0.05726	BBB1	2.08	7.36
7/1/2019	05N0YDXX	TH0623A3C606	Thailand (Kingd	EMAD	TH	Emerging Markets	THB	3.78	6/25/2032	244546	7974.1	88.8	2.9	0.20485	BBB1	2.37	10.47
7/1/2019	05NG4NXX	TH0623B3B607	Thailand (Kingd	EMAD	TH	Emerging Markets	THB	4.85	6/17/2061	165902	5409.7	72.1	2.4	0.1663	BBB1	3.19	21.19
7/1/2019	05NHZJXX	TH0623031C01	Thailand (Kingd	EMAD	TH	Emerging Markets	THB	3.65	12/17/2021	269416.5	8785.1	88.4	2.9	0.20391	BBB1	1.8	2.36
7/1/2019	05HZVNXX	TH0623B3L606	Thailand (Kingd	EMAD	TH	Emerging Markets	THB	3.8	6/14/2041	95936	3128.3	34.3	1.1	0.07922	BBB1	2.94	15.32
7/1/2019	05HHIDXX	TH0623031406	Thailand (Kingd	EMAD	TH	Emerging Markets	THB	6.4	4/9/2021	40000	1304.3	13.7	0.4	0.03165	BBB1	1.85	1.67
7/1/2019	05H2WMXX	TH0623039607	Thailand (Kingd	EMAD	TH	Emerging Markets	THB	4.88	6/22/2029	223252	7279.8	87.3	2.8	0.20137	BBB1	2.14	8.16
7/1/2019	04REDIXX	TH0623033303	Thailand (Kingd	EMAD	TH	Emerging Markets	THB	5.5	3/13/2023	50700	1653.2	18.2	0.6	0.0421	BBB1	1.83	3.34
7/1/2019	04SJYRXX	TH0623034C08	Thailand (Kingd	EMAD	TH	Emerging Markets	THB	4.75	12/20/2024	47000	1532.6	16.9	0.6	0.03901	BBB1	1.94	4.87
7/1/2019	04V1U1XX	TH0623035C07	Thailand (Kingd	EMAD	TH	Emerging Markets	THB	3.85	12/12/2025	205270.8	6693.4	71.7	2.3	0.16538	BBB1	2	5.75
7/1/2019	0512W1XX	TH0623036702	Thailand (Kingd	EMAD	TH	Emerging Markets	THB	6.15	7/7/2026	49000	1597.8	19.5	0.6	0.04503	BBB1	2	5.91
7/1/2019	0513SHXX	TH0623032B01	Thailand (Kingd	EMAD	TH	Emerging Markets	THB	5.13	11/8/2022	26000	847.8	9.1	0.3	0.02096	BBB1	1.83	3.09
7/1/2019	053617XX	TH0623034400	Thailand (Kingd	EMAD	TH	Emerging Markets	THB	4.5	4/9/2024	31000	1010.8	11	0.4	0.02533	BBB1	1.89	4.3
7/1/2019	054AX6XX	TH0623033600	Thailand (Kingd	EMAD	TH	Emerging Markets	THB	3.63	6/16/2023	197850	6451.5	66.4	2.2	0.15315	BBB1	1.83	3.69
7/1/2019	3J7HMPXX	TH062303I602	Thailand (Kingd	EMAD	TH	Emerging Markets	THB	3.3	6/17/2038	95600	3117.3	33.7	1.1	0.07781	BBB1	2.48	14.36
7/1/2019	3X2A5OXX	TRT210421T14	Turkey (Republi	EMAD	TR	Emerging Markets	TRY	20.9	4/21/2021	11481.5	1985.1	27.7	4.8	0.33849	BB3	18.97	1.41
7/1/2019	0549ARXX	TRT140922T17	Turkey (Republi	EMAD	TR	Emerging Markets	TRY	8.5	9/14/2022	10771	1862.2	19.8	3.4	0.24271	BB3	17.07	2.53
7/1/2019	05N0A2XX	TRT120122T17	Turkey (Republi	EMAD	TR	Emerging Markets	TRY	9.5	1/12/2022	10585.5	1830.1	20.9	3.6	0.2559	BB3	17.85	2
7/1/2019	071FXQXX	TRT080323T10	Turkey (Republi	EMAD	TR	Emerging Markets	TRY	7.1	3/8/2023	16985.3	2936.6	29	5	0.35495	BB3	16.91	2.91
7/1/2019	1734L1XX	TRT080720T19	Turkey (Republi	EMAD	TR	Emerging Markets	TRY	9.4	7/8/2020	14889	2574.2	31.7	5.5	0.38774	BB3	20.48	0.87
7/1/2019	1GWQTIXX	TRT170221T12	Turkey (Republi	EMAD	TR	Emerging Markets	TRY	10.7	2/17/2021	15688.5	2712.4	32.8	5.7	0.40079	BB3	18.84	1.35
7/1/2019	1H0PEGXX	TRT110226T13	Turkey (Republi	EMAD	TR	Emerging Markets	TRY	10.6	2/11/2026	20452.6	3536.1	37.4	6.5	0.45698	BB3	16.3	4.11
7/1/2019	0F817BXX	TRT270923T11	Turkey (Republi	EMAD	TR	Emerging Markets	TRY	8.8	9/27/2023	12934.9	2236.3	22.8	3.9	0.27837	BB3	16.93	3.17
7/1/2019	0OM2GAXX	TRT200324T13	Turkey (Republi	EMAD	TR	Emerging Markets	TRY	10.4	3/20/2024	7586	1311.5	14	2.4	0.17093	BB3	16.98	3.33
7/1/2019	0UVJH4XX	TRT240724T15	Turkey (Republi	EMAD	TR	Emerging Markets	TRY	9	7/24/2024	12672.8	2191	22.2	3.8	0.27166	BB3	16.74	3.53
7/1/2019	12PNJMXX	TRT120325T12	Turkey (Republi	EMAD	TR	Emerging Markets	TRY	8	3/12/2025	14765.8	2552.9	23.6	4.1	0.28923	BB3	16.62	3.98
7/1/2019	369EJIXX	TRT120820T12	Turkey (Republi	EMAD	TR	Emerging Markets	TRY	23	8/12/2020	19577.4	3384.8	49.2	8.5	0.60236	BB3	19.96	0.88
7/1/2019	3E9M65XX	TRT181023T19	Turkey (Republi	EMAD	TR	Emerging Markets	TRY	20.1	10/18/2023	2601.4	449.8	6.6	1.1	0.08113	BB3	16.87	2.8
7/1/2019	305OOGXX	TRT140623T19	Turkey (Republi	EMAD	TR	Emerging Markets	TRY	16.2	6/14/2023	10659.8	1843	23.6	4.1	0.28897	BB3	16.92	2.81
7/1/2019	2SBQSNXX	TRT080328T15	Turkey (Republi	EMAD	TR	Emerging Markets	TRY	12.4	3/8/2028	10587.2	1830.4	20.6	3.6	0.25201	BB3	16.09	4.66
7/1/2019	2MOALUXX	TRT180123T10	Turkey (Republi	EMAD	TR	Emerging Markets	TRY	12.2	1/18/2023	14524.1	2511.1	30.3	5.2	0.37094	BB3	17.03	2.56
7/1/2019	2AU84FXX	TRT110827T16	Turkey (Republi	EMAD	TR	Emerging Markets	TRY	10.5	8/11/2027	18789.2	3248.5	33.2	5.7	0.40593	BB3	16.18	4.62
7/1/2019	2AU9P7XX	TRT170822T15	Turkey (Republi	EMAD	TR	Emerging Markets	TRY	10.7	8/17/2022	14809	2560.3	29.5	5.1	0.36057	BB3	17.21	2.39
7/1/2019	20ZJNOXX	TRT240227T17	Turkey (Republi	EMAD	TR	Emerging Markets	TRY	11	2/24/2027	16108.4	2785	29.2	5	0.35689	BB3	16.38	4.44
7/1/2019	20ZJYDXX	TRT020322T17	Turkey (Republi	EMAD	TR	Emerging Markets	TRY	11	3/2/2022	16836.2	2910.8	34.1	5.9	0.41729	BB3	17.49	2.09
7/1/2019	1SU2JQXX	TRT220921T18	Turkey (Republi	EMAD	TR	Emerging Markets	TRY	9.2	9/22/2021	15391.7	2661.1	30.3	5.2	0.3702	BB3	17.64	1.83
7/1/2019	0SCT0UXX	ZAG000107004	Republic of Sou	EMAD	ZA	Emerging Markets	ZAR	8.25	3/31/2032	108819	7717	34.7	2.5	0.17429	BB1	9.18	7.43
7/1/2019	0TSWB2XX	ZAG000106972	Republic of Sou	EMAD	ZA	Emerging Markets	ZAR	8.75	1/31/2045	139479	9891.3	44.3	3.1	0.22213	BB1	9.72	9.08
7/1/2019	0EJS4IXX	ZAG000106998	Republic of Sou	EMAD	ZA	Emerging Markets	ZAR	8	1/31/2030	146732	10405.6	48.1	3.4	0.24115	BB1	8.83	6.69
7/1/2019	197DUCXX	ZAG000125980	Republic of Sou	EMAD	ZA	Emerging Markets	ZAR	9	1/31/2040	91846	6513.3	30.1	2.1	0.15119	BB1	9.67	8.64
7/1/2019	16RO2JXX	ZAG000125972	Republic of Sou	EMAD	ZA	Emerging Markets	ZAR	8.88	2/28/2035	99717	7071.5	32.9	2.3	0.16504	BB1	9.44	7.95
7/1/2019	0DOO34XX	ZAG000107012	Republic of Sou	EMAD	ZA	Emerging Markets	ZAR	8.5	1/31/2037	124213	8808.7	39.5	2.8	0.19802	BB1	9.54	8.32
7/1/2019	05S9A2XX	ZAG000077488	Republic of Sou	EMAD	ZA	Emerging Markets	ZAR	6.5	2/28/2041	93380	6622.1	23	1.6	0.1156	BB1	9.68	9.41
7/1/2019	05MBSKXX	ZAG000016320	Republic of Sou	EMAD	ZA	Emerging Markets	ZAR	10.5	12/21/2026	233887	16586.3	88.8	6.3	0.44565	BB1	8.15	5.27
7/1/2019	05LQX6XX	ZAG000096165	Republic of Sou	EMAD	ZA	Emerging Markets	ZAR	7.75	2/28/2023	104347	7399.8	36.4	2.6	0.18266	BB1	7.29	3.07
7/1/2019	05P129XX	ZAG000096173	Republic of Sou	EMAD	ZA	Emerging Markets	ZAR	8.75	2/28/2048	228243	16186	71.2	5.1	0.35745	BB1	9.79	9.36
7/1/2019	05OC75XX	ZAG000030396	Republic of Sou	EMAD	ZA	Emerging Markets	ZAR	6.75	3/31/2021	82809.7	5872.5	28.4	2	0.14241	BB1	6.41	1.6
7/1/2019	05AR9GXX	ZAG000077470	Republic of Sou	EMAD	ZA	Emerging Markets	ZAR	7	2/28/2031	110792	7856.9	32.7	2.3	0.1639	BB1	9.02	7.3
7/1/2019	05JIM1XX	ZAG000030404	Republic of Sou	EMAD	ZA	Emerging Markets	ZAR	6.25	3/31/2036	104256	7393.4	26.3	1.9	0.13183	BB1	9.41	8.91
