As of Date	Cusip	ISIN number	Description	Ticker	Country	Region	Currency	Coupon	Maturity Date	Face Value Local	Face Value USD	Market Value Local	Market Value USD	Weight	Rating	Effective Yield	Mod Duration
7/1/2021	057JTYXX	BRSTNCNTF147	Brazil (Federat	EMAD	BR	Emerging Markets	BRL	10	1/1/2023	124024.7	24716.7	142.4	28.4	1.89377	BB3	7.06	1.28
7/1/2021	05BRH0XX	US105756BN96	Brazil (Federat	EMAD	BR	Emerging Markets	BRL	10.25	1/10/2028	4764.8	949.6	5.4	1.1	0.07127	BB3	9.62	4.32
7/1/2021	05Q4PMXX	US105756BT66	Brazil (Federat	EMAD	BR	Emerging Markets	BRL	8.5	1/5/2024	3150	627.8	3.5	0.7	0.04698	BB3	7.43	2.07
7/1/2021	0G9AHYXX	BRSTNCNTF170	Secretaria Teso	EMAD	BR	Emerging Markets	BRL	10	1/1/2025	104968.2	20919	122.5	24.4	1.62894	BB3	6.39	2.89
7/1/2021	1ES8G9XX	BRSTNCNTF1P8	Secretaria Teso	EMAD	BR	Emerging Markets	BRL	10	1/1/2027	99624.8	19854.1	116.7	23.3	1.55137	BB3	7.34	4.14
7/1/2021	2LCWM8XX	BRSTNCNTF1Q6	Secretaria Teso	EMAD	BR	Emerging Markets	BRL	10	1/1/2029	59866.6	11930.7	70.3	14	0.93445	BB3	7.8	5.18
7/1/2021	312TBCXX	BRSTNCLTN7O0	Secretaria Teso	EMAD	BR	Emerging Markets	BRL	0	7/1/2022	110375.9	21996.6	111.1	22.1	1.47764	BB3	4.9	0.95
7/1/2021	3W08IMXX	BRSTNCLTN7Q5	Secretaria Teso	EMAD	BR	Emerging Markets	BRL	0	7/1/2023	137116.4	27325.7	125.1	24.9	1.66355	BB3	7.49	1.85
7/1/2021	4OJ8G9XX	BRSTNCLTN7S1	Secretaria Teso	EMAD	BR	Emerging Markets	BRL	0	1/1/2024	280908.7	55981.9	245.5	48.9	3.26509	BB3	7.76	2.31
7/1/2021	4PGCA3XX	BRSTNCNTF204	Secretaria Teso	EMAD	BR	Emerging Markets	BRL	10	1/1/2031	30275	6033.5	35.3	7	0.46918	BB3	8.2	6.04
7/1/2021	5BOP1UXX	BRSTNCLTN7V5	Secretaria Teso	EMAD	BR	Emerging Markets	BRL	0	10/1/2022	76591.1	15263.7	74.4	14.8	0.98914	BB3	6.82	1.18
7/1/2021	5XMLCUXX	BRSTNCLTN7W3	Secretaria Teso	EMAD	BR	Emerging Markets	BRL	0	7/1/2024	90563.6	18048.3	75.8	15.1	1.00854	BB3	7.95	2.76
7/1/2021	5TBB15XX	CL0002642776	Chile (Republic	EMAD	CL	Emerging Markets	CLP	2.8	10/1/2033	560000	769.1	922.6	1.3	0.08455	A2	4.75	9.9
7/1/2021	5TCQVPXX	CL0002642784	Chile (Republic	EMAD	CL	Emerging Markets	CLP	2.3	10/1/2028	1040000	1428.4	1839.4	2.5	0.16857	A2	4.19	6.5
7/1/2021	52X6TNXX	CL0002599166	Chile (Republic	EMAD	CL	Emerging Markets	CLP	2.5	3/1/2025	5581760	7666.1	10942.2	15	1.00275	A2	3.19	3.44
7/1/2021	3P733NXX	CL0002502871	Chile (Republic	EMAD	CL	Emerging Markets	CLP	5.1	7/15/2050	1170595	1607.7	2344.7	3.2	0.21487	A2	5.22	14.59
7/1/2021	0EX0JRXX	CL0001974774	Chile (Republic	EMAD	CL	Emerging Markets	CLP	6	1/1/2043	3247570	4460.3	7184.7	9.9	0.65841	A2	5.14	12.52
7/1/2021	0BLMRCXX	CL0001964791	Banco Central d	EMAD	CL	Emerging Markets	CLP	6	3/1/2023	245000	336.5	529.9	0.7	0.04856	A2	1.92	1.57
7/1/2021	07583UXX	CND100006RW2	China (People's	EMAD	CN	Emerging Markets	CNY	4.24	5/20/2063	20000	3095.3	1.8	0.3	0.01863	A1	3.7	20.57
7/1/2021	07589NXX	CND100006T03	China (People's	EMAD	CN	Emerging Markets	CNY	3.38	5/23/2023	90000	13928.8	7.4	1.1	0.07605	A1	2.56	1.82
7/1/2021	0EFSMBXX	CND100006Y63	China (People's	EMAD	CN	Emerging Markets	CNY	4.08	8/22/2023	111880	17315	9.4	1.5	0.09752	A1	2.35	2.02
7/1/2021	0EQR0ZXX	CND100006YT4	China (People's	EMAD	CN	Emerging Markets	CNY	4.76	9/16/2043	26000	4023.9	2.5	0.4	0.02595	A1	3.53	14.26
7/1/2021	0FWYL1XX	CND1000073G5	China (People's	EMAD	CN	Emerging Markets	CNY	5.31	11/18/2063	20000	3095.3	2.2	0.3	0.02248	A1	3.69	19.85
7/1/2021	0G594LXX	CND1000074G3	China (People's	EMAD	CN	Emerging Markets	CNY	5.05	12/9/2043	24000	3714.3	2.4	0.4	0.02436	A1	3.61	14.26
7/1/2021	0G594MXX	CND100006XS8	China (People's	EMAD	CN	Emerging Markets	CNY	4.32	8/12/2033	26000	4023.9	2.3	0.4	0.02413	A1	3.3	9.4
7/1/2021	0POWVSXX	CND100007GT9	China (People's	EMAD	CN	Emerging Markets	CNY	4.77	4/28/2034	26000	4023.9	2.5	0.4	0.02543	A1	3.15	9.79
7/1/2021	0S6051XX	CND100007KH6	China (People's	EMAD	CN	Emerging Markets	CNY	4.67	5/26/2064	26000	4023.9	2.5	0.4	0.02581	A1	3.77	20.27
7/1/2021	0OJJGPXX	CND100007B02	China (People's	EMAD	CN	Emerging Markets	CNY	4.42	3/20/2024	84970	13150.3	7.3	1.1	0.07523	A1	2.35	2.54
7/1/2021	0SRP5HXX	CND100007LS1	China (People's	EMAD	CN	Emerging Markets	CNY	4	6/19/2024	84010	13001.7	7	1.1	0.07272	A1	2.52	2.79
7/1/2021	0VX0N4XX	CND100007TW6	China (People's	EMAD	CN	Emerging Markets	CNY	4.13	9/18/2024	85790	13277.2	7.3	1.1	0.07556	A1	2.49	2.98
7/1/2021	0X5N53XX	CND100008028	China (People's	EMAD	CN	Emerging Markets	CNY	4.3	10/27/2044	26000	4023.9	2.4	0.4	0.02452	A1	3.49	15.12
7/1/2021	0YB82TXX	CND100007Y88	China (People's	EMAD	CN	Emerging Markets	CNY	4.24	11/24/2064	26000	4023.9	2.3	0.4	0.02397	A1	3.74	20.78
7/1/2021	0Z8PB3XX	CND100008127	China (People's	EMAD	CN	Emerging Markets	CNY	3.77	12/18/2024	68240	10561.1	5.7	0.9	0.05867	A1	2.69	3.24
7/1/2021	13N0C8XX	CND1000084C1	China (People's	EMAD	CN	Emerging Markets	CNY	3.64	4/9/2025	90320	13978.3	7.5	1.2	0.0779	A1	2.77	3.49
7/1/2021	144B10XX	CND1000087R2	China (People's	EMAD	CN	Emerging Markets	CNY	4.09	4/27/2035	26000	4023.9	2.3	0.4	0.02351	A1	3.35	10.59
7/1/2021	0UAEILXX	CND100007QV4	China (People's	EMAD	CN	Emerging Markets	CNY	4.76	7/24/2044	26000	4023.9	2.5	0.4	0.02589	A1	3.61	14.47
7/1/2021	0UTQTVXX	CND100007QP6	China (People's	EMAD	CN	Emerging Markets	CNY	4.63	8/11/2034	26000	4023.9	2.4	0.4	0.02505	A1	3.28	9.89
7/1/2021	15480UXX	CND100008B01	China (People's	EMAD	CN	Emerging Markets	CNY	3.99	5/25/2065	26000	4023.9	2.3	0.3	0.02327	A1	3.65	21.35
7/1/2021	16VNJ9XX	CND100008MS7	China (People's	EMAD	CN	Emerging Markets	CNY	3.3	7/9/2022	90040	13935	7.5	1.2	0.07772	A1	2.42	0.97
7/1/2021	17A5LHXX	CND100008MV1	China (People's	EMAD	CN	Emerging Markets	CNY	3.51	7/16/2025	90000	13928.8	7.5	1.2	0.07778	A1	2.83	3.7
7/1/2021	17OC6EXX	CND100008MW9	China (People's	EMAD	CN	Emerging Markets	CNY	3.94	7/27/2045	26000	4023.9	2.2	0.3	0.02297	A1	3.64	15.44
7/1/2021	1A5DJPXX	CND100008T84	China (People's	EMAD	CN	Emerging Markets	CNY	3.74	9/22/2035	26000	4023.9	2.2	0.3	0.02267	A1	3.38	10.94
7/1/2021	1BCTZ0XX	CND100008YC6	China (People's	EMAD	CN	Emerging Markets	CNY	2.99	10/15/2025	104000	16095.5	8.4	1.3	0.08696	A1	2.96	3.98
7/1/2021	1BHYMHXX	CND100008YF9	China (People's	EMAD	CN	Emerging Markets	CNY	3.74	10/20/2045	26000	4023.9	2.1	0.3	0.02212	A1	3.63	15.85
7/1/2021	1BNIRNXX	CND100008Z52	China (People's	EMAD	CN	Emerging Markets	CNY	3.05	10/22/2022	104010	16097	8.6	1.3	0.0887	A1	2.52	1.25
7/1/2021	1CTCR4XX	CND1000095N4	China (People's	EMAD	CN	Emerging Markets	CNY	3.89	11/23/2065	26000	4023.9	2.2	0.3	0.02283	A1	3.65	21.55
7/1/2021	2I8HUOXX	CND10000L4H0	China (People's	EMAD	CN	Emerging Markets	CNY	3.9	12/21/2024	66220	10248.5	5.7	0.9	0.05839	A1	2.59	3.18
7/1/2021	2N2MNVXX	CND10000L610	China (People's	EMAD	CN	Emerging Markets	CNY	3.81	1/18/2023	60000	9285.8	5	0.8	0.05169	A1	2.37	1.48
7/1/2021	2OOQUZXX	CND10000L6K9	China (People's	EMAD	CN	Emerging Markets	CNY	3.85	2/1/2028	69000	10678.7	5.9	0.9	0.06128	A1	2.92	5.73
7/1/2021	2CIJ7VXX	CND10000J7P0	China (People's	EMAD	CN	Emerging Markets	CNY	3.69	9/21/2024	108950	16861.5	9.3	1.4	0.09578	A1	2.64	2.94
7/1/2021	2DZSSDXX	CND10000JD29	China (People's	EMAD	CN	Emerging Markets	CNY	3.73	10/19/2022	95210	14735.1	8	1.2	0.08242	A1	2.35	1.24
7/1/2021	2E3TIIXX	CND10000JH82	China (People's	EMAD	CN	Emerging Markets	CNY	4.28	10/23/2047	77710	12026.7	6.9	1.1	0.07149	A1	3.68	16.14
7/1/2021	2EQN5LXX	CND10000JJ72	China (People's	EMAD	CN	Emerging Markets	CNY	3.82	11/2/2027	78280	12114.9	6.7	1	0.06881	A1	2.9	5.6
7/1/2021	2FNXHPXX	CND10000JPZ5	China (People's	EMAD	CN	Emerging Markets	CNY	4.37	11/20/2067	29370	4545.4	2.7	0.4	0.02767	A1	3.77	21.15
7/1/2021	20EKZ6XX	CND10000G9Z8	China (People's	EMAD	CN	Emerging Markets	CNY	3.77	2/20/2047	77400	11978.7	6.4	1	0.06602	A1	3.68	16.2
7/1/2021	24YHL9XX	CND10000H9K9	China (People's	EMAD	CN	Emerging Markets	CNY	3.52	5/4/2027	109380	16928.1	9.1	1.4	0.09395	A1	2.97	5.24
7/1/2021	25WCCBXX	CND10000HQ42	China (People's	EMAD	CN	Emerging Markets	CNY	4.08	5/22/2067	29150	4511.4	2.5	0.4	0.0263	A1	3.7	21.51
7/1/2021	27NWNAXX	CND10000HM53	China (People's	EMAD	CN	Emerging Markets	CNY	3.57	6/22/2024	108660	16816.7	9	1.4	0.09246	A1	2.68	2.8
7/1/2021	28SSTQXX	CND10000HNM2	China (People's	EMAD	CN	Emerging Markets	CNY	3.47	7/13/2022	108610	16808.9	9.1	1.4	0.09419	A1	2.34	0.98
7/1/2021	29BMV4XX	CND10000HS81	China (People's	EMAD	CN	Emerging Markets	CNY	4.05	7/24/2047	87120	13483	7.5	1.2	0.07777	A1	3.7	16.06
7/1/2021	2A104TXX	CND10000HWX0	China (People's	EMAD	CN	Emerging Markets	CNY	3.59	8/3/2027	112170	17359.9	9.5	1.5	0.09781	A1	2.93	5.38
7/1/2021	2BG8L5XX	CND10000J937	China (People's	EMAD	CN	Emerging Markets	CNY	3.6	8/29/2024	400000	61905.6	33.9	5.2	0.34989	A1	2.77	2.88
7/1/2021	2BG8L6XX	CND10000J945	China (People's	EMAD	CN	Emerging Markets	CNY	3.62	8/29/2027	200000	30952.8	16.8	2.6	0.17299	A1	3.08	5.44
7/1/2021	2CGMAUXX	CND10000J952	China (People's	EMAD	CN	Emerging Markets	CNY	3.59	9/19/2022	96400	14919.3	8.1	1.3	0.08343	A1	2.36	1.16
7/1/2021	1F8BH8XX	CND100009CX6	China (People's	EMAD	CN	Emerging Markets	CNY	2.85	1/28/2026	73150	11321	5.9	0.9	0.0612	A1	2.95	4.21
7/1/2021	1I01S1XX	CND100009N14	China (People's	EMAD	CN	Emerging Markets	CNY	2.75	3/17/2023	88820	13746.1	7.2	1.1	0.07441	A1	2.65	1.64
7/1/2021	1JKXANXX	CND100009RF1	China (People's	EMAD	CN	Emerging Markets	CNY	3.52	4/25/2046	90060	13938	7.1	1.1	0.07341	A1	3.67	16.23
7/1/2021	1KGFADXX	CND100009RR6	China (People's	EMAD	CN	Emerging Markets	CNY	2.9	5/5/2026	109120	16887.9	8.8	1.4	0.09067	A1	2.97	4.47
7/1/2021	1LH4FSXX	CND100009WF1	China (People's	EMAD	CN	Emerging Markets	CNY	3.7	5/23/2066	28410	4396.8	2.3	0.4	0.02341	A1	3.75	21.62
7/1/2021	1MKW4PXX	CND10000B7Z7	China (People's	EMAD	CN	Emerging Markets	CNY	2.95	6/16/2023	113470	17561.1	9.2	1.4	0.09487	A1	2.61	1.88
7/1/2021	1OUJ9SXX	CND10000BLC0	China (People's	EMAD	CN	Emerging Markets	CNY	2.74	8/4/2026	102310	15833.9	8.2	1.3	0.08491	A1	2.97	4.67
7/1/2021	1R4E7UXX	CND10000BLB2	China (People's	EMAD	CN	Emerging Markets	CNY	3.27	8/22/2046	97670	15115.8	7.5	1.2	0.07727	A1	3.63	16.55
7/1/2021	1RQ05OXX	CND10000BRV7	China (People's	EMAD	CN	Emerging Markets	CNY	2.75	9/1/2023	105300	16296.7	8.7	1.3	0.08938	A1	2.71	2.03
7/1/2021	1UG8IHXX	CND10000C5Z0	China (People's	EMAD	CN	Emerging Markets	CNY	2.7	11/3/2026	75990	11760.5	6.1	0.9	0.0625	A1	2.98	4.91
7/1/2021	1V0CB1XX	CND10000DCH4	China (People's	EMAD	CN	Emerging Markets	CNY	2.79	11/17/2023	83040	12851.6	6.8	1.1	0.07013	A1	2.73	2.24
7/1/2021	1V96P5XX	CND10000DCJ0	China (People's	EMAD	CN	Emerging Markets	CNY	3.48	11/21/2066	24200	3745.3	1.8	0.3	0.01894	A1	3.75	21.97
7/1/2021	1ZMKQHXX	CND10000G9Y1	China (People's	EMAD	CN	Emerging Markets	CNY	3.4	2/9/2027	72000	11143	6	0.9	0.06175	A1	2.99	5.02
7/1/2021	225FH5XX	CND10000H1G4	China (People's	EMAD	CN	Emerging Markets	CNY	3.2	3/16/2024	88000	13619.2	7.2	1.1	0.0745	A1	2.75	2.54
7/1/2021	05QPFYXX	CND100002BR5	China (People's	EMAD	CN	Emerging Markets	CNY	4.08	3/1/2040	24000	3714.3	2.1	0.3	0.02153	A1	3.59	13.04
7/1/2021	05R7EUXX	CND100002FV8	China (People's	EMAD	CN	Emerging Markets	CNY	4.3	11/30/2059	20000	3095.3	1.8	0.3	0.01874	A1	3.69	19.75
7/1/2021	05SOFWXX	CND1000014N5	China (People's	EMAD	CN	Emerging Markets	CNY	3.91	10/23/2038	24000	3714.3	2.1	0.3	0.02122	A1	3.47	12.58
7/1/2021	05WZCHXX	CND100006352	China (People's	EMAD	CN	Emerging Markets	CNY	3.55	12/13/2022	29010	4489.7	2.4	0.4	0.02442	A1	2.62	1.41
7/1/2021	05X12VXX	CND100005YH1	China (People's	EMAD	CN	Emerging Markets	CNY	4.35	11/15/2062	26000	4023.9	2.4	0.4	0.02461	A1	3.71	20.32
7/1/2021	070EMTXX	CND100006BJ3	China (People's	EMAD	CN	Emerging Markets	CNY	3.52	2/21/2023	78790	12193.9	6.5	1	0.06723	A1	2.53	1.57
7/1/2021	072V25XX	CND100005PV0	China (People's	EMAD	CN	Emerging Markets	CNY	4.1	9/27/2032	28000	4333.4	2.5	0.4	0.02553	A1	3.16	8.99
7/1/2021	073M2SXX	CND100006MJ0	China (People's	EMAD	CN	Emerging Markets	CNY	3.99	4/22/2033	26000	4023.9	2.3	0.4	0.02339	A1	3.21	9.41
7/1/2021	05JVJRXX	CND100002XK4	China (People's	EMAD	CN	Emerging Markets	CNY	3.96	8/16/2040	28000	4333.4	2.4	0.4	0.02467	A1	3.62	13.3
7/1/2021	05KI20XX	CND100003D12	China (People's	EMAD	CN	Emerging Markets	CNY	4.23	12/9/2040	28000	4333.4	2.5	0.4	0.02569	A1	3.49	13.5
7/1/2021	05KQSUXX	CND100005L85	China (People's	EMAD	CN	Emerging Markets	CNY	3.39	8/23/2022	86470	13382.4	7.1	1.1	0.07349	A1	2.33	1.11
7/1/2021	05KWPKXX	CND100002JJ5	China (People's	EMAD	CN	Emerging Markets	CNY	3.96	4/15/2030	28000	4333.4	2.4	0.4	0.02504	A1	3.05	7.39
7/1/2021	05MB4LXX	CND100000TW1	China (People's	EMAD	CN	Emerging Markets	CNY	4.5	5/8/2038	28000	4333.4	2.6	0.4	0.02652	A1	3.44	12.05
7/1/2021	05NDBZXX	CND1000003D9	China (People's	EMAD	CN	Emerging Markets	CNY	4.27	5/17/2037	30000	4642.9	2.6	0.4	0.02718	A1	3.55	11.63
7/1/2021	05O5VFXX	CND000000612	China (People's	EMAD	CN	Emerging Markets	CNY	1.64	12/15/2033	166357	25746.1	11.4	1.8	0.11746	A1	3.17	10.78
7/1/2021	05MPNZXX	CND100005HW5	China (People's	EMAD	CN	Emerging Markets	CNY	4.12	8/2/2042	28000	4333.4	2.5	0.4	0.02545	A1	3.59	14.09
7/1/2021	05MVFLXX	CND100001GC8	China (People's	EMAD	CN	Emerging Markets	CNY	4.02	4/9/2039	22000	3404.8	1.9	0.3	0.01962	A1	3.53	12.71
7/1/2021	05P0BKXX	CND1000044N2	China (People's	EMAD	CN	Emerging Markets	CNY	4.48	5/26/2061	30000	4642.9	2.8	0.4	0.02885	A1	3.73	19.86
7/1/2021	05P0M7XX	CND0000004F4	China (People's	EMAD	CN	Emerging Markets	CNY	3.4	4/17/2023	26000	4023.9	2.1	0.3	0.02195	A1	2.81	1.72
7/1/2021	05PROAXX	CND100001643	China (People's	EMAD	CN	Emerging Markets	CNY	3.62	11/27/2023	24000	3714.3	2	0.3	0.02046	A1	2.61	2.29
7/1/2021	059TPBXX	CND0000002T9	China (People's	EMAD	CN	Emerging Markets	CNY	2.9	5/24/2032	26000	4023.9	2.1	0.3	0.02123	A1	3.11	9.23
7/1/2021	05AZCDXX	CND100004NF1	China (People's	EMAD	CN	Emerging Markets	CNY	4.33	11/10/2061	28000	4333.4	2.5	0.4	0.02617	A1	3.75	20.02
7/1/2021	05DFBHXX	CND100003912	China (People's	EMAD	CN	Emerging Markets	CNY	4.4	11/18/2060	28000	4333.4	2.6	0.4	0.02643	A1	3.75	19.75
7/1/2021	05EBBEXX	CND000000PT6	China (People's	EMAD	CN	Emerging Markets	CNY	3.7	6/26/2026	31090	4811.6	2.6	0.4	0.02689	A1	2.81	4.54
7/1/2021	05EPD7XX	CND0000009Q0	China (People's	EMAD	CN	Emerging Markets	CNY	4.11	5/15/2025	33920	5249.6	2.9	0.4	0.02993	A1	2.57	3.57
7/1/2021	05F3Q1XX	CND100000PT5	China (People's	EMAD	CN	Emerging Markets	CNY	4.16	2/28/2023	28000	4333.4	2.3	0.4	0.02422	A1	2.42	1.59
7/1/2021	05G8Q9XX	CND100001B57	China (People's	EMAD	CN	Emerging Markets	CNY	3.86	2/19/2029	22000	3404.8	1.9	0.3	0.0196	A1	3	6.53
7/1/2021	05GDQLXX	CND100003NC0	China (People's	EMAD	CN	Emerging Markets	CNY	4.31	2/24/2041	28000	4333.4	2.5	0.4	0.02606	A1	3.55	13.37
7/1/2021	05H8QSXX	CND1000054M3	China (People's	EMAD	CN	Emerging Markets	CNY	4.03	4/23/2032	28000	4333.4	2.5	0.4	0.02537	A1	3.11	8.77
7/1/2021	05HAL2XX	CND100002VP7	China (People's	EMAD	CN	Emerging Markets	CNY	3.96	7/29/2040	28000	4333.4	2.4	0.4	0.02495	A1	3.54	13.29
7/1/2021	05HBFCXX	CND1000009C8	China (People's	EMAD	CN	Emerging Markets	CNY	4.52	8/16/2027	28000	4333.4	2.5	0.4	0.02561	A1	2.99	5.29
7/1/2021	05DFMHXX	CND100002NC2	China (People's	EMAD	CN	Emerging Markets	CNY	4.03	5/24/2060	28000	4333.4	2.4	0.4	0.02492	A1	3.7	20.11
7/1/2021	05I0MCXX	CND100001P44	China (People's	EMAD	CN	Emerging Markets	CNY	3.69	6/11/2024	28000	4333.4	2.3	0.4	0.02394	A1	2.69	2.78
7/1/2021	05IAIZXX	CND100005875	China (People's	EMAD	CN	Emerging Markets	CNY	4.25	5/17/2062	28000	4333.4	2.5	0.4	0.02582	A1	3.74	20.24
7/1/2021	05173IXX	CND100002QT9	China (People's	EMAD	CN	Emerging Markets	CNY	4.03	6/21/2040	28000	4333.4	2.4	0.4	0.02483	A1	3.54	13.39
7/1/2021	050344XX	CND100002ZL7	China (People's	EMAD	CN	Emerging Markets	CNY	3.82	9/2/2030	28000	4333.4	2.4	0.4	0.02492	A1	3.06	7.66
7/1/2021	04SIYJXX	CND1000040S9	China (People's	EMAD	CN	Emerging Markets	CNY	4.15	4/28/2031	58000	8976.3	5.1	0.8	0.05285	A1	3.07	8.08
7/1/2021	04XBVGXX	CND100000ZX6	China (People's	EMAD	CN	Emerging Markets	CNY	4.94	8/11/2028	24000	3714.3	2.2	0.3	0.02292	A1	2.89	5.97
7/1/2021	04YR4KXX	CND100001VD5	China (People's	EMAD	CN	Emerging Markets	CNY	4	8/27/2029	26000	4023.9	2.3	0.4	0.02341	A1	3.01	6.89
7/1/2021	04YTZ2XX	CND100005DP8	China (People's	EMAD	CN	Emerging Markets	CNY	4.07	6/28/2042	28000	4333.4	2.4	0.4	0.02517	A1	3.51	14.35
7/1/2021	04SR9YXX	CND100001ZL9	China (People's	EMAD	CN	Emerging Markets	CNY	4.18	10/15/2039	24000	3714.3	2.1	0.3	0.02198	A1	3.48	12.9
7/1/2021	04ZZQRXX	CND1000047F1	China (People's	EMAD	CN	Emerging Markets	CNY	4.5	6/23/2041	58000	8976.3	5.4	0.8	0.05574	A1	3.41	13.66
7/1/2021	3VKDHQXX	CND100025LF0	China (People's	EMAD	CN	Emerging Markets	CNY	3.19	4/11/2024	282490	43719.3	23.1	3.6	0.23876	A1	2.73	2.61
7/1/2021	3ZJB84XX	CND1000291L3	China (People's	EMAD	CN	Emerging Markets	CNY	3.29	5/23/2029	279090	43193.1	22.8	3.5	0.2352	A1	3.11	6.89
7/1/2021	414UZ7XX	CND100029RW4	China (People's	EMAD	CN	Emerging Markets	CNY	3.25	6/6/2026	280160	43358.7	22.9	3.5	0.23611	A1	2.93	4.5
7/1/2021	42Q8GXXX	CND10002CGX0	China (People's	EMAD	CN	Emerging Markets	CNY	4	6/24/2069	109300	16915.7	9.2	1.4	0.09516	A1	3.78	21.82
7/1/2021	45DX16XX	CND10002D1Y9	China (People's	EMAD	CN	Emerging Markets	CNY	3.86	7/22/2049	222660	34459.8	18.7	2.9	0.19335	A1	3.69	16.94
7/1/2021	47BJASXX	CND10002DSR5	China (People's	EMAD	CN	Emerging Markets	CNY	2.75	8/8/2022	275950	42707.1	22.8	3.5	0.23514	A1	2.51	1.05
7/1/2021	2YZXY8XX	CND100010KS7	China (People's	EMAD	CN	Emerging Markets	CNY	3.61	6/7/2025	123010	19037.5	10.2	1.6	0.10549	A1	2.73	3.63
7/1/2021	2UWQEMXX	CND10000LQJ3	China (People's	EMAD	CN	Emerging Markets	CNY	3.17	4/19/2023	123150	19059.2	10	1.6	0.10376	A1	2.6	1.72
7/1/2021	2XCREEXX	CND100010G02	China (People's	EMAD	CN	Emerging Markets	CNY	3.69	5/17/2028	123020	19039.1	10.3	1.6	0.10681	A1	3	6.04
7/1/2021	2XKM3GXX	CND100010GP1	China (People's	EMAD	CN	Emerging Markets	CNY	4.13	5/21/2068	30520	4723.4	2.6	0.4	0.02725	A1	3.8	21.39
7/1/2021	2R4CGEXX	CND10000L842	China (People's	EMAD	CN	Emerging Markets	CNY	3.77	3/8/2025	106590	16496.3	9	1.4	0.09272	A1	2.68	3.39
7/1/2021	2S01TZXX	CND10000LMZ8	China (People's	EMAD	CN	Emerging Markets	CNY	4.22	3/19/2048	80200	12412.1	7.1	1.1	0.07298	A1	3.71	16.24
7/1/2021	32AX6ZXX	CND100011188	China (People's	EMAD	CN	Emerging Markets	CNY	3.3	7/12/2023	123240	19073.1	10.4	1.6	0.10691	A1	2.58	1.89
7/1/2021	33MT62XX	CND1000113G9	China (People's	EMAD	CN	Emerging Markets	CNY	3.97	7/23/2048	91050	14091.3	7.8	1.2	0.08036	A1	3.7	16.48
7/1/2021	369G69XX	CND10001L774	China (People's	EMAD	CN	Emerging Markets	CNY	3.54	8/16/2028	125050	19353.2	10.5	1.6	0.10859	A1	3.02	6.2
7/1/2021	39ITOHXX	CND10001MW20	China (People's	EMAD	CN	Emerging Markets	CNY	3.6	9/6/2025	119170	18443.2	10.2	1.6	0.10497	A1	2.74	3.75
7/1/2021	3DVIPJXX	CND10001Q6Q0	China (People's	EMAD	CN	Emerging Markets	CNY	4.08	10/22/2048	201110	31124.6	17.4	2.7	0.17993	A1	3.67	16.66
7/1/2021	3DVIZWXX	CND10001Q6P2	China (People's	EMAD	CN	Emerging Markets	CNY	3.29	10/18/2023	173360	26829.9	14.5	2.2	0.14929	A1	2.6	2.15
7/1/2021	3GYA1WXX	CND10001QZP8	China (People's	EMAD	CN	Emerging Markets	CNY	3.82	11/19/2068	20640	3194.3	1.7	0.3	0.01732	A1	3.79	21.8
7/1/2021	3HGCBYXX	CND10001RRB3	China (People's	EMAD	CN	Emerging Markets	CNY	3.25	11/22/2028	182590	28258.4	14.9	2.3	0.15357	A1	3.09	6.51
7/1/2021	3J7WMCXX	CND10001SWR7	China (People's	EMAD	CN	Emerging Markets	CNY	3.22	12/6/2025	206800	32005.2	17.1	2.6	0.17675	A1	2.91	4.01
7/1/2021	52QHT0XX	CND100031JZ0	China (People's	EMAD	CN	Emerging Markets	CNY	1.99	4/9/2025	329290	50962.2	25.7	4	0.26551	A1	2.9	3.55
7/1/2021	4KYHNBXX	CND10002HX17	China (People's	EMAD	CN	Emerging Markets	CNY	3.12	12/5/2026	249220	38570.3	20.5	3.2	0.21182	A1	2.96	4.85
7/1/2021	4W5MNGXX	CND10002LTC8	China (People's	EMAD	CN	Emerging Markets	CNY	2.24	3/5/2023	208000	32190.9	16.7	2.6	0.17265	A1	2.63	1.61
7/1/2021	4XYCU4XX	CND10002M200	China (People's	EMAD	CN	Emerging Markets	CNY	3.39	3/16/2050	264660	40959.8	20.3	3.1	0.20972	A1	3.7	17.74
7/1/2021	56RD21XX	CND100036Q75	China (People's	EMAD	CN	Emerging Markets	CNY	2.68	5/21/2030	339360	52520.7	26.3	4.1	0.27183	A1	3.17	7.8
7/1/2021	56XBZ9XX	CND100036VL4	China (People's	EMAD	CN	Emerging Markets	CNY	3.73	5/25/2070	148760	23022.7	11.9	1.8	0.12263	A1	3.78	22.2
7/1/2021	587NNCXX	CND100037XX3	China (People's	EMAD	CN	Emerging Markets	CNY	2.85	6/4/2027	332460	51452.8	26.5	4.1	0.27345	A1	3.03	5.36
7/1/2021	4JH6APXX	CND10002HV84	China (People's	EMAD	CN	Emerging Markets	CNY	3.13	11/21/2029	243000	37607.7	19.6	3	0.20213	A1	3.14	7.3
7/1/2021	4FS6Q6XX	CND10002HGP5	China (People's	EMAD	CN	Emerging Markets	CNY	2.94	10/17/2024	222340	34410.2	18.3	2.8	0.1889	A1	2.8	3.04
7/1/2021	5TWCXEXX	CND10003W0P5	China (People's	EMAD	CN	Emerging Markets	CNY	3.28	12/3/2027	303060	46902.8	25.2	3.9	0.25971	A1	3.01	5.63
7/1/2021	5UI2JIXX	CND10003XKV0	China (People's	EMAD	CN	Emerging Markets	CNY	2.93	12/10/2022	345160	53418.4	28.3	4.4	0.29231	A1	2.59	1.38
7/1/2021	5HUUTTXX	CND10003N750	China (People's	EMAD	CN	Emerging Markets	CNY	3.81	9/14/2050	280330	43385	23.4	3.6	0.24112	A1	3.67	17.5
7/1/2021	5PN9JNXX	CND10003R702	China (People's	EMAD	CN	Emerging Markets	CNY	3.02	10/22/2025	334150	51714.4	27.5	4.3	0.28418	A1	2.89	3.91
7/1/2021	5R1TVNXX	CND10003S3B5	China (People's	EMAD	CN	Emerging Markets	CNY	2.88	11/5/2023	320750	49640.6	26.3	4.1	0.27201	A1	2.71	2.2
7/1/2021	5C50ELXX	CND10003DG37	China (People's	EMAD	CN	Emerging Markets	CNY	2.86	7/16/2030	350000	54167.4	27.8	4.3	0.28742	A1	3.16	7.79
7/1/2021	5A7AZQXX	CND100039ZX4	China (People's	EMAD	CN	Emerging Markets	CNY	2.77	6/24/2030	350000	54167.4	27.3	4.2	0.28141	A1	3.18	7.86
7/1/2021	5A7AZZXX	CND100039ZV8	China (People's	EMAD	CN	Emerging Markets	CNY	2.41	6/19/2025	200000	30952.8	15.8	2.4	0.16281	A1	2.92	3.72
7/1/2021	5A7B0AXX	CND100039ZW6	China (People's	EMAD	CN	Emerging Markets	CNY	2.71	6/19/2027	100000	15476.4	7.8	1.2	0.08102	A1	3.13	5.41
7/1/2021	5BCO3WXX	CND10003C6F7	China (People's	EMAD	CN	Emerging Markets	CNY	2.36	7/2/2023	266280	41210.6	21.7	3.4	0.22456	A1	2.7	1.88
7/1/2021	5F4W4EXX	CND10003JK01	China (People's	EMAD	CN	Emerging Markets	CNY	2.64	8/13/2022	295260	45695.6	24.2	3.8	0.25027	A1	2.76	1.06
7/1/2021	66L942XX	CND100045MR1	China (People's	EMAD	CN	Emerging Markets	CNY	2.84	4/8/2024	152030	23528.8	12.3	1.9	0.1273	A1	2.73	2.62
7/1/2021	66U05LXX	CND100045MS9	China (People's	EMAD	CN	Emerging Markets	CNY	3.72	4/12/2051	90000	13928.8	7.4	1.1	0.07633	A1	3.64	17.87
7/1/2021	6A4P5LXX	CND100047752	China (People's	EMAD	CN	Emerging Markets	CNY	3.01	5/13/2028	95410	14766	7.7	1.2	0.07909	A1	3.08	6.09
7/1/2021	6AO3TEXX	CND100047H24	China (People's	EMAD	CN	Emerging Markets	CNY	2.57	5/20/2023	98380	15225.7	7.9	1.2	0.08167	A1	2.65	1.81
7/1/2021	6BDDRWXX	CND100047QT4	China (People's	EMAD	CN	Emerging Markets	CNY	3.02	5/27/2031	92310	14286.3	7.4	1.1	0.07644	A1	3.08	8.47
7/1/2021	XCNN2104	CNNXCNN21040	CNY NDF 3 MONTH	EMAD	CN	Emerging Markets	USD	0	7/31/2021	-999	-999	7.5	7.5	0.49978	A1	2.12	0.08
7/1/2021	XCNN2105	CNNXCNN21050	CNY NDF 3 MONTH	EMAD	CN	Emerging Markets	USD	0	8/31/2021	-999	-999	7.5	7.5	0.49996	A1	2.43	0.17
7/1/2021	XCNN2106	CNNXCNN21060	CNY NDF 3 MONTH	EMAD	CN	Emerging Markets	USD	0	9/30/2021	-999	-999	7.5	7.5	0.49976	A1	2.68	0.25
7/1/2021	640ERVXX	CND100045210	China (People's	EMAD	CN	Emerging Markets	CNY	3.03	3/11/2026	209420	32410.7	17.1	2.6	0.17611	A1	2.91	4.28
7/1/2021	64UY4UXX	CND100045GW3	China (People's	EMAD	CN	Emerging Markets	CNY	3.76	3/22/2071	65000	10059.7	5.3	0.8	0.05452	A1	3.76	22.21
7/1/2021	5SBV23XX	CND10003VNX4	China (People's	EMAD	CN	Emerging Markets	CNY	3.27	11/19/2030	342100	52944.8	28	4.3	0.28875	A1	3.11	8.01
7/1/2021	5I61U3XX	COL17CT03722	Ministerio de H	EMAD	CO	Emerging Markets	COP	7.25	10/26/2050	11843071	3171.7	8217.9	2.2	0.14685	BBB3	7.82	10.81
7/1/2021	5YDJW3XX	COL17CT03748	Ministerio de H	EMAD	CO	Emerging Markets	COP	6.25	7/9/2036	8002322	2143.1	5407.3	1.4	0.09663	BBB3	7.46	8.53
7/1/2021	2LNSLLXX	COL17CT03557	Ministerio de H	EMAD	CO	Emerging Markets	COP	6.25	11/26/2025	19952832	5343.6	15036	4	0.26868	BBB3	5.79	3.64
7/1/2021	05GK0SXX	COL17CT02385	Colombia (Repub	EMAD	CO	Emerging Markets	COP	10	7/24/2024	25774878	6902.8	22783.4	6.1	0.40713	BBB3	4.92	2.47
7/1/2021	05CMNYXX	XS0306322065	Colombia (Repub	EMAD	CO	Emerging Markets	COP	9.85	6/28/2027	1924515	515.4	1647.8	0.4	0.02945	BBB3	5.84	4.63
7/1/2021	074FQIXX	COL17CT02914	Colombia (Repub	EMAD	CO	Emerging Markets	COP	6	4/28/2028	31105642	8330.4	21707.1	5.8	0.38789	BBB3	6.58	5.35
7/1/2021	05QGB5XX	COL17CT02625	Colombia (Repub	EMAD	CO	Emerging Markets	COP	7.5	8/26/2026	28750694	7699.7	23219.6	6.2	0.41492	BBB3	5.95	3.99
7/1/2021	1Y4BSOXX	COL17CT03490	Ministerio de H	EMAD	CO	Emerging Markets	COP	7	6/30/2032	25128498	6729.6	17702	4.7	0.31632	BBB3	7.11	7.44
7/1/2021	14F0A6XX	US195325CW30	Colombia (Repub	EMAD	CO	Emerging Markets	COP	7.75	9/18/2030	20332312	5445.2	16140.9	4.3	0.28843	BBB3	6.92	6.16
7/1/2021	0ZW35JXX	COL17CT03342	Ministerio de H	EMAD	CO	Emerging Markets	COP	7.75	9/18/2030	21186760	5674	16819.2	4.5	0.30055	BBB3	6.92	6.16
7/1/2021	16NJHFXX	IDG000011602	Indonesia (Repu	EMAD	ID	Emerging Markets	IDR	8.25	5/15/2036	90910000	6269.7	60510.1	4.2	0.27845	BBB2	7.19	8.71
7/1/2021	17TTPJXX	IDG000011701	Indonesia (Repu	EMAD	ID	Emerging Markets	IDR	8.75	5/15/2031	66717000	4601.2	46688.1	3.2	0.21484	BBB2	6.63	6.75
7/1/2021	0EUR1TXX	IDP000001505	Indonesia (Repu	EMAD	ID	Emerging Markets	IDR	6.75	4/15/2043	34554000	2383	19691.2	1.4	0.09061	BBB2	7.37	10.79
7/1/2021	0EF9GNXX	IDG000011107	Indonesia (Repu	EMAD	ID	Emerging Markets	IDR	9	3/15/2029	93390680	6440.7	66528.7	4.6	0.30614	BBB2	6.38	5.57
7/1/2021	0EJ1F4XX	IDG000010703	Indonesia (Repu	EMAD	ID	Emerging Markets	IDR	8.75	2/15/2044	28188284	1944	20049.1	1.4	0.09226	BBB2	7.38	10.29
7/1/2021	0DX4BBXX	IDG000010802	Indonesia (Repu	EMAD	ID	Emerging Markets	IDR	8.38	3/15/2034	137758000	9500.6	93690.8	6.5	0.43113	BBB2	7.1	7.84
7/1/2021	0EB4M1XX	IDG000012006	Indonesia (Repu	EMAD	ID	Emerging Markets	IDR	8.38	3/15/2024	135439424	9340.6	90977.1	6.3	0.41865	BBB2	4.72	2.38
7/1/2021	1UQQCPXX	IDG000012204	Indonesia (Repu	EMAD	ID	Emerging Markets	IDR	7.5	8/15/2032	47831140	3298.7	31131.2	2.1	0.14326	BBB2	6.81	7.38
7/1/2021	1HQTVSXX	IDP000002206	Indonesia (Repu	EMAD	ID	Emerging Markets	IDR	8.88	11/15/2031	47680696	3288.3	33101	2.3	0.15232	BBB2	6.93	6.92
7/1/2021	1FXJTJXX	IDP000002107	Indonesia (Repu	EMAD	ID	Emerging Markets	IDR	8.75	8/15/2023	17180000	1184.8	11532.6	0.8	0.05307	BBB2	4.61	1.89
7/1/2021	2CIH6BXX	IDG000012501	Indonesia (Repu	EMAD	ID	Emerging Markets	IDR	7.38	5/15/2048	86869000	5991	54071.6	3.7	0.24882	BBB2	7.16	11.69
7/1/2021	2ADJKOXX	IDG000012303	Indonesia (Repu	EMAD	ID	Emerging Markets	IDR	7.5	5/15/2038	68420864	4718.7	42531.3	2.9	0.19572	BBB2	7.26	9.49
7/1/2021	2LJSRLXX	IDP000002701	Indonesia (Repu	EMAD	ID	Emerging Markets	IDR	6.13	10/15/2025	6070000	418.6	3779.7	0.3	0.01739	BBB2	5.54	3.7
7/1/2021	05PPRZXX	IDG000007501	Indonesia (Repu	EMAD	ID	Emerging Markets	IDR	10.25	7/15/2022	13542000	933.9	9074	0.6	0.04176	BBB2	3.68	0.95
7/1/2021	05QDX3XX	IDG000007402	Indonesia (Repu	EMAD	ID	Emerging Markets	IDR	10.25	7/15/2027	14774100	1018.9	11179.2	0.8	0.05144	BBB2	6.04	4.48
7/1/2021	05SR4MXX	IDG000007907	Indonesia (Repu	EMAD	ID	Emerging Markets	IDR	9.5	7/15/2023	24037000	1657.7	16490	1.1	0.07588	BBB2	4.5	1.8
7/1/2021	05Q49BXX	IDG000007709	Indonesia (Repu	EMAD	ID	Emerging Markets	IDR	10	9/15/2024	17701000	1220.8	12427.8	0.9	0.05719	BBB2	5.28	2.71
7/1/2021	05NP20XX	IDG000009804	Indonesia (Repu	EMAD	ID	Emerging Markets	IDR	7	5/15/2027	117080000	8074.5	75241.4	5.2	0.34624	BBB2	5.8	4.77
7/1/2021	05OBPUXX	IDG000008301	Indonesia (Repu	EMAD	ID	Emerging Markets	IDR	10.5	7/15/2038	15661000	1080.1	12788.4	0.9	0.05885	BBB2	7.3	8.67
7/1/2021	05O8UUXX	IDG000007204	Indonesia (Repu	EMAD	ID	Emerging Markets	IDR	11	9/15/2025	26002090	1793.2	19283.9	1.3	0.08874	BBB2	5.59	3.37
7/1/2021	05K4WBXX	IDG000008004	Indonesia (Repu	EMAD	ID	Emerging Markets	IDR	10	2/15/2028	20385000	1405.9	15083.2	1	0.06941	BBB2	6.39	4.84
7/1/2021	05KF9DXX	IDG000009507	Indonesia (Repu	EMAD	ID	Emerging Markets	IDR	8.38	9/15/2026	121414000	8373.4	83821.4	5.8	0.38572	BBB2	5.62	4.17
7/1/2021	05DFLVXX	IDG000010307	Indonesia (Repu	EMAD	ID	Emerging Markets	IDR	6.13	5/15/2028	111295000	7675.5	67423.9	4.6	0.31026	BBB2	6.14	5.5
7/1/2021	05GP8FXX	IDG000009002	Indonesia (Repu	EMAD	ID	Emerging Markets	IDR	10.5	8/15/2030	23500000	1620.7	18447.8	1.3	0.08489	BBB2	6.59	6.06
7/1/2021	05IRP9XX	IDG000010208	Indonesia (Repu	EMAD	ID	Emerging Markets	IDR	5.63	5/15/2023	35516000	2449.4	21989.6	1.5	0.10119	BBB2	4.4	1.75
7/1/2021	05HGVZXX	IDG000010406	Indonesia (Repu	EMAD	ID	Emerging Markets	IDR	6.63	5/15/2033	85343000	5885.7	51514.4	3.6	0.23705	BBB2	6.69	8.05
7/1/2021	04SIRYXX	IDG000010109	Indonesia (Repu	EMAD	ID	Emerging Markets	IDR	6.38	4/15/2042	13392000	923.6	7354.1	0.5	0.03384	BBB2	7.33	10.74
7/1/2021	0503KLXX	IDG000009606	Indonesia (Repu	EMAD	ID	Emerging Markets	IDR	9.5	5/15/2041	17236572	1188.7	12818.4	0.9	0.05899	BBB2	7.34	9.77
7/1/2021	0511OQXX	IDG000009200	Indonesia (Repu	EMAD	ID	Emerging Markets	IDR	9.5	7/15/2031	27096000	1868.7	20305.5	1.4	0.09344	BBB2	6.71	6.54
7/1/2021	0513DQXX	IDG000007808	Indonesia (Repu	EMAD	ID	Emerging Markets	IDR	9.75	5/15/2037	9626304	663.9	7188.7	0.5	0.03308	BBB2	7.29	8.7
7/1/2021	056DGUXX	IDG000009705	Indonesia (Repu	EMAD	ID	Emerging Markets	IDR	8.25	6/15/2032	42798000	2951.6	28763.9	2	0.13236	BBB2	6.77	7.35
7/1/2021	3JPQRDXX	IDP000003204	Indonesia (Repu	EMAD	ID	Emerging Markets	IDR	8.5	11/15/2026	13185000	909.3	9035.2	0.6	0.04158	BBB2	5.7	4.32
7/1/2021	3MMVHFXX	IDG000013202	Indonesia (Repu	EMAD	ID	Emerging Markets	IDR	8.38	4/15/2039	57180000	3943.4	38693.4	2.7	0.17805	BBB2	7.29	9.46
7/1/2021	3FNOJRXX	IDP000002909	Indonesia (Repu	EMAD	ID	Emerging Markets	IDR	8.25	9/15/2023	43040000	2968.3	28432.1	2	0.13084	BBB2	4.69	1.98
7/1/2021	3C8LGTXX	IDG000012808	Indonesia (Repu	EMAD	ID	Emerging Markets	IDR	8.13	5/15/2024	89495000	6172.1	59291.5	4.1	0.27284	BBB2	4.71	2.55
7/1/2021	3C9PNSXX	IDG000012907	Indonesia (Repu	EMAD	ID	Emerging Markets	IDR	8.25	5/15/2029	108775000	7501.7	73570.7	5.1	0.33855	BBB2	6.39	5.82
7/1/2021	473HEZXX	IDG000013707	Indonesia (Repu	EMAD	ID	Emerging Markets	IDR	6.5	6/15/2025	142419392	9822	90082.6	6.2	0.41453	BBB2	5.13	3.47
7/1/2021	473IT6XX	IDG000013806	Indonesia (Repu	EMAD	ID	Emerging Markets	IDR	7	9/15/2030	152988800	10551	96951.1	6.7	0.44614	BBB2	6.52	6.63
7/1/2021	44EFPMXX	IDG000013509	Indonesia (Repu	EMAD	ID	Emerging Markets	IDR	7.5	6/15/2035	101788304	7019.9	63438.3	4.4	0.29192	BBB2	7.13	8.63
7/1/2021	3ZJL6TXX	IDP000003501	Indonesia (Repu	EMAD	ID	Emerging Markets	IDR	8.13	5/15/2030	7200000	496.6	4835.3	0.3	0.02225	BBB2	6.53	6.36
7/1/2021	3OIJF5XX	IDP000003402	Indonesia (Repu	EMAD	ID	Emerging Markets	IDR	8.63	4/15/2034	13620000	939.3	9419.2	0.6	0.04334	BBB2	7.05	7.89
7/1/2021	5Y1VSSXX	IDP000004202	Indonesia (Repu	EMAD	ID	Emerging Markets	IDR	6.38	3/15/2034	7900000	544.8	4503.5	0.3	0.02072	BBB2	7.1	8.5
7/1/2021	5XBGXXXX	IDG000018201	Indonesia (Repu	EMAD	ID	Emerging Markets	IDR	6.25	6/15/2036	35929000	2477.9	21301.7	1.5	0.09802	BBB2	6.43	9.55
7/1/2021	5XBHBZXX	IDG000018300	Indonesia (Repu	EMAD	ID	Emerging Markets	IDR	6.88	8/15/2051	15275436	1053.5	9385.8	0.6	0.04319	BBB2	6.91	12.3
7/1/2021	5DPWNWXX	IDP000004004	Indonesia (Repu	EMAD	ID	Emerging Markets	IDR	7.75	10/15/2046	20360300	1404.2	12954.7	0.9	0.05961	BBB2	7.39	11.11
7/1/2021	5FF9X2XX	IDG000015207	Indonesia (Repu	EMAD	ID	Emerging Markets	IDR	6.5	2/15/2031	147593728	10178.9	90249	6.2	0.4153	BBB2	6.62	6.89
7/1/2021	5FF9X3XX	IDG000015108	Indonesia (Repu	EMAD	ID	Emerging Markets	IDR	5.5	4/15/2026	111700704	7703.5	68217.5	4.7	0.31391	BBB2	5.42	4.12
7/1/2021	5GWW5DXX	IDJ000016605	Indonesia (Repu	EMAD	ID	Emerging Markets	IDR	6.05	9/10/2023	25665972	1770.1	15935	1.1	0.07333	BBB2	4.74	2.05
7/1/2021	4G585WXX	IDP000003808	Indonesia (Repu	EMAD	ID	Emerging Markets	IDR	6.63	10/15/2024	69430000	4788.3	44306.6	3.1	0.20388	BBB2	5.07	2.91
7/1/2021	456LRNXX	IDP000002503	Indonesia (Repu	EMAD	ID	Emerging Markets	IDR	8	7/15/2047	17543000	1209.9	11687.7	0.8	0.05378	BBB2	7.39	10.95
7/1/2021	4IFU3QXX	IDG000014101	Indonesia (Repu	EMAD	ID	Emerging Markets	IDR	7.5	4/15/2040	113615104	7835.5	71028	4.9	0.32685	BBB2	7.27	9.95
7/1/2021	54Y8PPXX	IDG000014309	Indonesia (Repu	EMAD	ID	Emerging Markets	IDR	7.25	2/15/2026	37877372	2612.2	24970.2	1.7	0.1149	BBB2	5.55	3.83
7/1/2021	54Y912XX	IDG000014408	Indonesia (Repu	EMAD	ID	Emerging Markets	IDR	7.75	4/15/2031	21177940	1460.5	13987.8	1	0.06437	BBB2	6.61	6.83
7/1/2021	553HNGXX	IDP000003907	Indonesia (Repu	EMAD	ID	Emerging Markets	IDR	6.5	5/15/2023	13468896	928.9	8455.8	0.6	0.03891	BBB2	4.52	1.74
7/1/2021	4UX9Y1XX	IDJ000015201	Indonesia (Repu	EMAD	ID	Emerging Markets	IDR	6.3	3/10/2023	12142572	837.4	7549.6	0.5	0.03474	BBB2	4.49	1.6
7/1/2021	XINN2104	INNXINN21040	INR NDF 3 MONTH	EMAD	IN	Emerging Markets	USD	0	7/31/2021	-999	-999	72.1	72.1	4.8088	BBB3	4.44	0.08
7/1/2021	XINN2105	INNXINN21050	INR NDF 3 MONTH	EMAD	IN	Emerging Markets	USD	0	8/31/2021	-999	-999	72.1	72.1	4.80921	BBB3	4.39	0.17
7/1/2021	XINN2106	INNXINN21060	INR NDF 3 MONTH	EMAD	IN	Emerging Markets	USD	0	9/30/2021	-999	-999	72.1	72.1	4.80881	BBB3	4.5	0.25
7/1/2021	4F7036XX	MX0MGO000128	Mexico (United	EMAD	MX	Emerging Markets	MXN	6.75	3/9/2023	214735	10785	230.8	11.6	0.77335	BBB2	5.76	1.55
7/1/2021	3TDSTCXX	MX0MGO000151	Mexico (United	EMAD	MX	Emerging Markets	MXN	8	9/5/2024	257822.6	12949.1	287.7	14.5	0.9643	BBB2	6.25	2.73
7/1/2021	0524YAXX	MX0MGO0000J5	Mexico (United	EMAD	MX	Emerging Markets	MXN	8.5	11/18/2038	209807	10537.5	239.5	12	0.80271	BBB2	7.58	9.3
7/1/2021	04ZSJOXX	MX0MGO0000D8	Mexico (United	EMAD	MX	Emerging Markets	MXN	7.5	6/3/2027	301906.1	15163.2	326.7	16.4	1.09491	BBB2	6.75	4.73
7/1/2021	05I54AXX	MX0MGO0000H9	Mexico (United	EMAD	MX	Emerging Markets	MXN	8.5	5/31/2029	288996.7	14514.8	329.6	16.6	1.10468	BBB2	6.99	5.79
7/1/2021	05JKUJXX	MX0MGO000078	Mexico (United	EMAD	MX	Emerging Markets	MXN	10	12/5/2024	259813.7	13049.1	301.8	15.2	1.01143	BBB2	6.32	2.91
7/1/2021	05BURFXX	MX0MGO0000B2	Mexico (United	EMAD	MX	Emerging Markets	MXN	10	11/20/2036	65111.1	3270.2	84.7	4.3	0.28387	BBB2	7.37	8.53
7/1/2021	05NF26XX	MX0MGO0000R8	Mexico (United	EMAD	MX	Emerging Markets	MXN	7.75	11/13/2042	192151.4	9650.8	204.7	10.3	0.68592	BBB2	7.61	10.38
7/1/2021	05NG0FXX	MX0MGO0000P2	Mexico (United	EMAD	MX	Emerging Markets	MXN	7.75	5/29/2031	235438.9	11824.9	257.6	12.9	0.86318	BBB2	7.1	6.89
7/1/2021	05T00WXX	MX0MGO000003	Mexico (United	EMAD	MX	Emerging Markets	MXN	8	12/7/2023	266713.2	13395.6	290.8	14.6	0.97444	BBB2	5.97	2.19
7/1/2021	21EBH9XX	MX0MGO000102	Mexico (United	EMAD	MX	Emerging Markets	MXN	8	11/7/2047	194210.5	9754.2	212	10.6	0.7103	BBB2	7.66	11.11
7/1/2021	0P7WGEXX	MX0MGO0000U2	Mexico (United	EMAD	MX	Emerging Markets	MXN	7.75	11/23/2034	82512.4	4144.2	90.1	4.5	0.3019	BBB2	7.26	8.32
7/1/2021	1B2IKLXX	MX0MGO0000Y4	Mexico (United	EMAD	MX	Emerging Markets	MXN	5.75	3/5/2026	347734.8	17464.9	355.7	17.9	1.19204	BBB2	6.57	3.96
7/1/2021	1BKWJ8XX	MYBGX1500062	Malaysia (Gover	EMAD	MY	Emerging Markets	MYR	4.79	10/31/2035	7000	1686.1	1.5	0.4	0.02488	A3	3.96	10.43
7/1/2021	1E31DJXX	MYBGL1600016	Malaysia (Gover	EMAD	MY	Emerging Markets	MYR	4.39	7/7/2023	10500	2529.2	2.2	0.5	0.03609	A3	2.2	1.89
7/1/2021	0ELMW3XX	MYBMZ1300078	Malaysia (Gover	EMAD	MY	Emerging Markets	MYR	4.94	9/30/2043	7728.5	1861.6	1.7	0.4	0.02766	A3	4.3	13.68
7/1/2021	14Q3XWXX	MYBMY1500043	Malaysia (Gover	EMAD	MY	Emerging Markets	MYR	4.25	5/31/2035	12108	2916.5	2.6	0.6	0.04101	A3	3.86	10.48
7/1/2021	122SRXXX	MYBMO1500010	Malaysia (Gover	EMAD	MY	Emerging Markets	MYR	3.96	9/15/2025	27172.2	6545.2	5.8	1.4	0.09381	A3	2.56	3.84
7/1/2021	12BWRZXX	MYBGT1500037	Malaysia (Gover	EMAD	MY	Emerging Markets	MYR	4.25	9/30/2030	7000	1686.1	1.5	0.4	0.02446	A3	3.38	7.6
7/1/2021	12SBYAXX	MYBML1500024	Malaysia (Gover	EMAD	MY	Emerging Markets	MYR	3.8	9/30/2022	11000	2649.6	2.3	0.6	0.03689	A3	1.8	1.21
7/1/2021	133VSOXX	MYBGO1500046	Malaysia (Gover	EMAD	MY	Emerging Markets	MYR	3.99	10/15/2025	10500	2529.2	2.2	0.5	0.03605	A3	2.63	3.91
7/1/2021	0ZPKGLXX	MYBGL1500018	Malaysia (Gover	EMAD	MY	Emerging Markets	MYR	4.19	7/15/2022	10000	2408.8	2.1	0.5	0.03372	A3	1.82	1
7/1/2021	0G8HLHXX	MYBMO1400013	Malaysia (Gover	EMAD	MY	Emerging Markets	MYR	4.18	7/15/2024	11020	2654.5	2.4	0.6	0.03828	A3	2.34	2.81
7/1/2021	0MNBCVXX	MYBZN1400017	Malaysia (Gover	EMAD	MY	Emerging Markets	MYR	4.73	2/21/2024	5500	1324.8	1.2	0.3	0.01924	A3	2.32	2.45
7/1/2021	0FALXZXX	MYBGO1300710	Malaysia (Gover	EMAD	MY	Emerging Markets	MYR	4.44	5/22/2024	12500	3011	2.7	0.6	0.04304	A3	2.36	2.71
7/1/2021	0FGCS4XX	MYBGS1300729	Malaysia (Gover	EMAD	MY	Emerging Markets	MYR	4.94	12/6/2028	5000	1204.4	1.1	0.3	0.01819	A3	3.16	6.26
7/1/2021	0EA1TBXX	MYBGX1300687	Malaysia (Gover	EMAD	MY	Emerging Markets	MYR	4.58	8/30/2033	12000	2890.5	2.7	0.6	0.04279	A3	3.71	9.28
7/1/2021	0761U4XX	MYBMS1300057	Malaysia (Gover	EMAD	MY	Emerging Markets	MYR	3.73	6/15/2028	19500	4697.1	4.1	1	0.06605	A3	3.03	6.11
7/1/2021	250VVHXX	MYBGZ1700048	Malaysia (Gover	EMAD	MY	Emerging Markets	MYR	4.9	5/8/2047	9000	2167.9	1.9	0.5	0.03128	A3	4.45	14.87
7/1/2021	25M708XX	MYBMO1700040	Malaysia (Gover	EMAD	MY	Emerging Markets	MYR	3.9	11/16/2027	14500	3492.7	3.1	0.7	0.04967	A3	2.97	5.62
7/1/2021	2HD09EXX	MYBGT1700066	Malaysia (Gover	EMAD	MY	Emerging Markets	MYR	4.72	6/15/2033	12500	3011	2.8	0.7	0.04462	A3	3.69	9.23
7/1/2021	2OEALCXX	MYBGL1800012	Malaysia (Gover	EMAD	MY	Emerging Markets	MYR	4.13	8/15/2025	12500	3011	2.7	0.7	0.04353	A3	2.6	3.74
7/1/2021	29XVIKXX	MYBGX1700050	Malaysia (Gover	EMAD	MY	Emerging Markets	MYR	4.76	8/4/2037	14500	3492.7	3.2	0.8	0.05132	A3	4.12	11.18
7/1/2021	1G03BZXX	MYBML1600014	Malaysia (Gover	EMAD	MY	Emerging Markets	MYR	3.8	8/17/2023	10000	2408.8	2.1	0.5	0.03396	A3	2.01	2.02
7/1/2021	1HNJSOXX	MYBMZ1600022	Malaysia (Gover	EMAD	MY	Emerging Markets	MYR	4.74	3/15/2046	10500	2529.2	2.3	0.5	0.03618	A3	4.38	14.57
7/1/2021	1IB7U3XX	MYBGO1600036	Malaysia (Gover	EMAD	MY	Emerging Markets	MYR	4.07	9/30/2026	10500	2529.2	2.3	0.5	0.03636	A3	2.79	4.69
7/1/2021	1LLXFRXX	MYBMO1600034	Malaysia (Gover	EMAD	MY	Emerging Markets	MYR	3.9	11/30/2026	9500	2288.3	2	0.5	0.03247	A3	2.81	4.87
7/1/2021	1YXVHUXX	MYBGO1700018	Malaysia (Gover	EMAD	MY	Emerging Markets	MYR	4.26	7/26/2027	11000	2649.6	2.4	0.6	0.03887	A3	2.97	5.27
7/1/2021	2350GDXX	MYBML1700020	Malaysia (Gover	EMAD	MY	Emerging Markets	MYR	4.06	9/30/2024	11000	2649.6	2.4	0.6	0.0379	A3	2.38	3.02
7/1/2021	23J8GYXX	MYBMX1700033	Malaysia (Gover	EMAD	MY	Emerging Markets	MYR	4.76	4/7/2037	12500	3011	2.7	0.7	0.04396	A3	4.12	11.1
7/1/2021	1ZVN96XX	MYBGL1700022	Malaysia (Gover	EMAD	MY	Emerging Markets	MYR	4.05	8/15/2024	12000	2890.5	2.6	0.6	0.0414	A3	2.4	2.9
7/1/2021	05T9LHXX	MYBMX1100044	Malaysia (Gover	EMAD	MY	Emerging Markets	MYR	4.23	6/30/2031	12750	3071.2	2.8	0.7	0.04431	A3	3.37	8.19
7/1/2021	0739FHXX	MYBGO1300330	Malaysia (Gover	EMAD	MY	Emerging Markets	MYR	3.49	10/31/2023	4000	963.5	0.8	0.2	0.01346	A3	2.25	2.22
7/1/2021	070P6SXX	MYBMN1300033	Malaysia (Gover	EMAD	MY	Emerging Markets	MYR	3.48	3/15/2023	19420	4677.8	4.1	1	0.0651	A3	1.94	1.64
7/1/2021	0717KMXX	MYBZN1300019	Malaysia (Gover	EMAD	MY	Emerging Markets	MYR	3.73	3/22/2023	1700	409.5	0.4	0.1	0.00566	A3	2.16	1.65
7/1/2021	072BNTXX	MYBMX1300040	Malaysia (Gover	EMAD	MY	Emerging Markets	MYR	3.84	4/15/2033	14000	3372.3	2.9	0.7	0.0464	A3	3.68	9.36
7/1/2021	06X6WLXX	MYBGT1300016	Malaysia (Gover	EMAD	MY	Emerging Markets	MYR	3.87	8/8/2028	3000	722.6	0.6	0.2	0.01025	A3	3.12	6.12
7/1/2021	05K4ELXX	MYBMS1200026	Malaysia (Gover	EMAD	MY	Emerging Markets	MYR	3.89	3/15/2027	5500	1324.8	1.2	0.3	0.01901	A3	2.86	5.06
7/1/2021	05OBH8XX	MYBMX0600028	Malaysia (Gover	EMAD	MY	Emerging Markets	MYR	4.71	9/15/2026	3110	749.1	0.7	0.2	0.01121	A3	2.77	4.59
7/1/2021	05OBL2XX	MYBMS1100036	Malaysia (Gover	EMAD	MY	Emerging Markets	MYR	4.39	4/15/2026	11274.3	2715.7	2.5	0.6	0.03958	A3	2.7	4.3
7/1/2021	05Q4DVXX	MYBMY0500036	Malaysia (Gover	EMAD	MY	Emerging Markets	MYR	4.84	7/15/2025	3000	722.6	0.7	0.2	0.0107	A3	2.55	3.61
7/1/2021	05JCOYXX	MYBZN1200011	Malaysia (Gover	EMAD	MY	Emerging Markets	MYR	3.69	7/12/2022	9000	2167.9	1.9	0.5	0.03016	A3	1.79	1
7/1/2021	05EA9BXX	MYBZO1200373	Malaysia (Gover	EMAD	MY	Emerging Markets	MYR	3.7	4/25/2023	1900	457.7	0.4	0.1	0.00632	A3	2.16	1.75
7/1/2021	05000GXX	MYBMO1200017	Malaysia (Gover	EMAD	MY	Emerging Markets	MYR	3.42	8/15/2022	10500	2529.2	2.2	0.5	0.03495	A3	1.8	1.09
7/1/2021	04SK55XX	MYBGS1200598	Malaysia (Gover	EMAD	MY	Emerging Markets	MYR	3.9	6/15/2027	5000	1204.4	1.1	0.3	0.0171	A3	2.95	5.3
7/1/2021	04SJGNXX	MYBGO1200373	Malaysia (Gover	EMAD	MY	Emerging Markets	MYR	3.7	11/15/2022	8500	2047.5	1.8	0.4	0.02831	A3	1.81	1.33
7/1/2021	04PINQXX	MYBMX1200042	Malaysia (Gover	EMAD	MY	Emerging Markets	MYR	4.13	4/15/2032	3584.5	863.4	0.8	0.2	0.01229	A3	3.52	8.65
7/1/2021	04RF6WXX	MYBMX0700034	Malaysia (Gover	EMAD	MY	Emerging Markets	MYR	3.5	5/31/2027	17000	4094.9	3.5	0.9	0.05694	A3	2.89	5.31
7/1/2021	04RFKKXX	MYBMX1000038	Malaysia (Gover	EMAD	MY	Emerging Markets	MYR	4.5	4/15/2030	12770	3076	2.8	0.7	0.04551	A3	3.28	7.25
7/1/2021	051643XX	MYBMX0800032	Malaysia (Gover	EMAD	MY	Emerging Markets	MYR	5.25	9/15/2028	3840	925	0.9	0.2	0.01429	A3	3.08	6
7/1/2021	3T72VGXX	MYBGY1900021	Malaysia (Gover	EMAD	MY	Emerging Markets	MYR	4.47	9/15/2039	20800	5010.2	4.3	1	0.06946	A3	4.32	12.28
7/1/2021	3URT5AXX	MYBGK1900038	Malaysia (Gover	EMAD	MY	Emerging Markets	MYR	3.73	3/31/2026	21500	5178.9	4.6	1.1	0.07344	A3	2.69	4.31
7/1/2021	3W93RIXX	MYBGJ1900048	Malaysia (Gover	EMAD	MY	Emerging Markets	MYR	3.66	10/15/2024	15000	3613.2	3.2	0.8	0.05097	A3	2.31	3.08
7/1/2021	2UT8ZXXX	MYBMI1800024	Malaysia (Gover	EMAD	MY	Emerging Markets	MYR	3.76	4/20/2023	8900	2143.8	1.9	0.4	0.0299	A3	1.95	1.73
7/1/2021	3N850RXX	MYBML1900018	Malaysia (Gover	EMAD	MY	Emerging Markets	MYR	3.91	7/15/2026	10500	2529.2	2.3	0.5	0.03642	A3	2.71	4.5
7/1/2021	3QECQ3XX	MYBMO1900020	Malaysia (Gover	EMAD	MY	Emerging Markets	MYR	3.89	8/15/2029	20500	4938	4.4	1.1	0.07072	A3	3.17	6.87
7/1/2021	40WKGOXX	MYBGT1900062	Malaysia (Gover	EMAD	MY	Emerging Markets	MYR	4.12	11/30/2034	20000	4817.5	4.1	1	0.06592	A3	3.98	10.23
7/1/2021	44E9CUXX	MYBMS1900047	Malaysia (Gover	EMAD	MY	Emerging Markets	MYR	3.83	7/5/2034	18500	4456.2	3.8	0.9	0.06082	A3	3.87	9.98
7/1/2021	3Z3MMDXX	MYBGZ1900051	Malaysia (Gover	EMAD	MY	Emerging Markets	MYR	4.64	11/15/2049	15500	3733.6	3.2	0.8	0.05171	A3	4.48	15.77
7/1/2021	42891RXX	MYBMI1900030	Malaysia (Gover	EMAD	MY	Emerging Markets	MYR	3.48	6/14/2024	12000	2890.5	2.5	0.6	0.04028	A3	2.28	2.8
7/1/2021	3MNMMHXX	MYBGO1900014	Malaysia (Gover	EMAD	MY	Emerging Markets	MYR	4.13	7/9/2029	12000	2890.5	2.6	0.6	0.04198	A3	3.28	6.71
7/1/2021	2RULM4XX	MYBMK1800012	Malaysia (Gover	EMAD	MY	Emerging Markets	MYR	3.88	3/14/2025	7000	1686.1	1.5	0.4	0.02401	A3	2.51	3.41
7/1/2021	2YFXNCXX	MYBGJ1800032	Malaysia (Gover	EMAD	MY	Emerging Markets	MYR	4.09	11/30/2023	11500	2770.1	2.4	0.6	0.03901	A3	2.27	2.3
7/1/2021	2VVX3VXX	MYBGO1800024	Malaysia (Gover	EMAD	MY	Emerging Markets	MYR	4.37	10/31/2028	12000	2890.5	2.6	0.6	0.04226	A3	3.15	6.26
7/1/2021	2WB7H0XX	MYBMT1800039	Malaysia (Gover	EMAD	MY	Emerging Markets	MYR	4.64	11/7/2033	9500	2288.3	2.1	0.5	0.03354	A3	3.77	9.43
7/1/2021	2ZHS0KXX	MYBMX1800049	Malaysia (Gover	EMAD	MY	Emerging Markets	MYR	4.89	6/8/2038	9500	2288.3	2.1	0.5	0.03339	A3	4.19	11.66
7/1/2021	3263Q0XX	MYBMZ1800051	Malaysia (Gover	EMAD	MY	Emerging Markets	MYR	4.92	7/6/2048	10940	2635.2	2.4	0.6	0.03863	A3	4.48	14.94
7/1/2021	4J9N46XX	MYBGH1900075	Malaysia (Gover	EMAD	MY	Emerging Markets	MYR	3.15	5/15/2023	13000	3131.4	2.7	0.6	0.04317	A3	1.99	1.81
7/1/2021	4JZISBXX	MYBMY1900052	Malaysia (Gover	EMAD	MY	Emerging Markets	MYR	3.76	5/22/2040	17200	4143.1	3.3	0.8	0.05251	A3	4.22	13.17
7/1/2021	536QSMXX	MYBGO2000020	Malaysia (Gover	EMAD	MY	Emerging Markets	MYR	3.47	10/15/2030	18500	4456.2	3.8	0.9	0.06084	A3	3.37	7.84
7/1/2021	51DAGZXX	MYBGL2000018	Malaysia (Gover	EMAD	MY	Emerging Markets	MYR	3.42	9/30/2027	16000	3854	3.3	0.8	0.05335	A3	3.03	5.56
7/1/2021	59F3ELXX	MYBMZ2000016	Malaysia (Gover	EMAD	MY	Emerging Markets	MYR	4.07	6/15/2050	13000	3131.4	2.5	0.6	0.04049	A3	4.31	16.63
7/1/2021	5Y27XFXX	MYBGT2100019	Malaysia (Gover	EMAD	MY	Emerging Markets	MYR	3.45	7/15/2036	9000	2167.9	1.7	0.4	0.02772	A3	4.01	11.31
7/1/2021	5P5XGUXX	MYBMO2000028	Malaysia (Gover	EMAD	MY	Emerging Markets	MYR	2.63	4/15/2031	14000	3372.3	2.7	0.6	0.04306	A3	3.3	8.47
7/1/2021	667WADXX	MYBGY2100027	Malaysia (Gover	EMAD	MY	Emerging Markets	MYR	4.42	9/30/2041	4000	963.5	0.8	0.2	0.01327	A3	4.35	13.18
7/1/2021	674FQRXX	PHY6972HJG21	Philippines (Re	EMAD	PH	Emerging Markets	PHP	3.38	4/8/2026	80000	1638.8	25.2	0.5	0.03441	BBB2	2.93	4.35
7/1/2021	67KZQ8XX	PHY6972HJJ69	Philippines (Re	EMAD	PH	Emerging Markets	PHP	3.63	4/22/2028	147000	3011.4	45.4	0.9	0.06204	BBB2	3.6	5.95
7/1/2021	6115SIXX	PHY6972HJA50	Philippines (Re	EMAD	PH	Emerging Markets	PHP	2.38	3/9/2024	463321.7	9491.4	142.8	2.9	0.19526	BBB2	2.4	2.57
7/1/2021	5H9R6EXX	PHY6972HGY63	Philippines (Re	EMAD	PH	Emerging Markets	PHP	2.38	9/10/2023	148883	3049.9	46.3	0.9	0.06325	BBB2	2.03	2.11
7/1/2021	5BOE8MXX	PHY6972HGL43	Philippines (Re	EMAD	PH	Emerging Markets	PHP	2.88	7/9/2030	165000	3380.1	48	1	0.0656	BBB2	3.72	7.71
7/1/2021	5DBXAIXX	PHY6972HGP56	Philippines (Re	EMAD	PH	Emerging Markets	PHP	2.63	8/12/2025	516340.8	10577.5	159.5	3.3	0.21799	BBB2	2.67	3.84
7/1/2021	4RSYJSXX	PHY6972HFA96	Philippines (Re	EMAD	PH	Emerging Markets	PHP	4.38	2/11/2023	310828	6367.5	99.6	2	0.13617	BBB2	1.83	1.55
7/1/2021	4GGL8PXX	PHY6972HEM44	Philippines (Re	EMAD	PH	Emerging Markets	PHP	4.25	10/17/2024	120000	2458.3	39.1	0.8	0.05344	BBB2	2.49	3.05
7/1/2021	2T0H7PXX	PHY6972HAJ50	Philippines (Re	EMAD	PH	Emerging Markets	PHP	6.25	3/22/2028	75206	1540.6	27.3	0.6	0.03732	BBB2	3.42	5.52
7/1/2021	2UF74SXX	PHY6972HAL07	Philippines (Re	EMAD	PH	Emerging Markets	PHP	5.75	4/12/2025	73663	1509	25.3	0.5	0.03452	BBB2	2.75	3.39
7/1/2021	2RJYV3XX	PHY6972HAF39	Philippines (Re	EMAD	PH	Emerging Markets	PHP	5.5	3/8/2023	76779	1572.9	25.3	0.5	0.03464	BBB2	1.86	1.6
7/1/2021	2Q2G8AXX	PHY6972HAE63	Philippines (Re	EMAD	PH	Emerging Markets	PHP	6.5	2/22/2038	17233	353	6.4	0.1	0.00872	BBB2	4.87	10.49
7/1/2021	3MXR33XX	PHY6972HCX27	Philippines (Re	EMAD	PH	Emerging Markets	PHP	6.88	1/10/2029	185000	3789.8	70.2	1.4	0.09594	BBB2	3.71	5.89
7/1/2021	44KF8TXX	PHY6972HEC61	Philippines (Re	EMAD	PH	Emerging Markets	PHP	4.75	7/4/2022	103627	2122.9	33.5	0.7	0.04573	BBB2	1.66	0.97
7/1/2021	3QEZBYXX	PHY6972HDE37	Philippines (Re	EMAD	PH	Emerging Markets	PHP	6.25	2/14/2026	147602	3023.7	52.9	1.1	0.07227	BBB2	2.86	3.99
7/1/2021	3RYGWFXX	PHY6972HDG84	Philippines (Re	EMAD	PH	Emerging Markets	PHP	6.25	3/12/2024	113772	2330.7	39.1	0.8	0.05342	BBB2	2.31	2.46
7/1/2021	3NRUA4XX	PHY6972HCZ74	Philippines (Re	EMAD	PH	Emerging Markets	PHP	6.75	1/24/2039	83775	1716.2	32.5	0.7	0.04442	BBB2	4.75	10.77
7/1/2021	04V3GKXX	PHY6972FRR38	Philippines (Re	EMAD	PH	Emerging Markets	PHP	4.88	8/2/2022	22553.9	462	7.3	0.1	0.00996	BBB2	1.68	1.04
7/1/2021	05380TXX	PHY6972FNA49	Philippines (Re	EMAD	PH	Emerging Markets	PHP	8.13	12/16/2035	163216.5	3343.6	68.5	1.4	0.09363	BBB2	4.62	9.39
7/1/2021	055FG5XX	PHY6972FCN88	Philippines (Re	EMAD	PH	Emerging Markets	PHP	8	12/7/2026	12072.2	247.3	4.6	0.1	0.00631	BBB2	3.13	4.53
7/1/2021	058JXGXX	PHY6972FRS11	Philippines (Re	EMAD	PH	Emerging Markets	PHP	4.75	9/13/2022	22944.6	470	7.4	0.2	0.0101	BBB2	1.67	1.16
7/1/2021	04RFPUXX	PHY6972FRU66	Philippines (Re	EMAD	PH	Emerging Markets	PHP	5.75	8/16/2037	38159.6	781.7	13.2	0.3	0.018	BBB2	4.81	10.55
7/1/2021	04UX1UXX	PHY6972FML13	Philippines (Re	EMAD	PH	Emerging Markets	PHP	8	9/30/2035	62220.4	1274.6	26.2	0.5	0.03578	BBB2	4.59	9.22
7/1/2021	05I4LNXX	PHY6972FSE16	Philippines (Re	EMAD	PH	Emerging Markets	PHP	5.88	3/1/2032	132682	2718.1	46.7	1	0.06383	BBB2	4.21	8.08
7/1/2021	05ITWSXX	PHY6972FPV67	Philippines (Re	EMAD	PH	Emerging Markets	PHP	8	7/19/2031	255837.2	5241	108.9	2.2	0.14879	BBB2	3.75	7.22
7/1/2021	05J54NXX	PHY6972FQJ21	Philippines (Re	EMAD	PH	Emerging Markets	PHP	7.63	9/29/2036	32186.4	659.4	13.2	0.3	0.01798	BBB2	4.71	9.7
7/1/2021	05CKG6XX	PHY6972FRD42	Philippines (Re	EMAD	PH	Emerging Markets	PHP	6.13	10/24/2037	179131.6	3669.6	63.5	1.3	0.08674	BBB2	4.86	10.62
7/1/2021	059W1YXX	PHY6972FHF00	Philippines (Re	EMAD	PH	Emerging Markets	PHP	9.5	12/4/2028	17032.3	348.9	7.3	0.1	0.00995	BBB2	3.53	5.69
7/1/2021	05G2NYXX	PHY6972FSC59	Philippines (Re	EMAD	PH	Emerging Markets	PHP	5.38	3/1/2027	42534.7	871.3	14.5	0.3	0.01988	BBB2	3.22	4.91
7/1/2021	05G2WGXX	PHY6972FSD33	Philippines (Re	EMAD	PH	Emerging Markets	PHP	5.88	2/2/2032	35530.3	727.9	12.8	0.3	0.01744	BBB2	4.13	7.89
7/1/2021	05ORDFXX	PHY6972FGG91	Philippines (Re	EMAD	PH	Emerging Markets	PHP	11.25	1/26/2031	11044.9	226.3	5.5	0.1	0.00754	BBB2	3.88	6.52
7/1/2021	05MF0BXX	PHY6972FEW69	Philippines (Re	EMAD	PH	Emerging Markets	PHP	8.5	11/29/2032	46008.3	942.5	19.5	0.4	0.02669	BBB2	4.28	7.93
7/1/2021	05MFYQXX	PHY6972FRE25	Philippines (Re	EMAD	PH	Emerging Markets	PHP	5.75	9/27/2032	20254.1	414.9	7.1	0.1	0.00972	BBB2	4.26	8.34
7/1/2021	05WGHZXX	PHY6972FTM23	Philippines (Re	EMAD	PH	Emerging Markets	PHP	4	12/6/2022	56940.7	1166.5	18	0.4	0.02466	BBB2	1.76	1.39
7/1/2021	05S9Y3XX	PHY6972FKF62	Philippines (Re	EMAD	PH	Emerging Markets	PHP	9.25	11/5/2034	28054.6	574.7	12.8	0.3	0.01747	BBB2	4.49	8.64
7/1/2021	074OLCXX	PHY6972FTW05	Philippines (Re	EMAD	PH	Emerging Markets	PHP	3.63	3/21/2033	89250.4	1828.3	26.1	0.5	0.03564	BBB2	4.24	9.28
7/1/2021	05TA6AXX	PHY6972FLS74	Philippines (Re	EMAD	PH	Emerging Markets	PHP	8.75	5/27/2030	72412.6	1483.4	30.8	0.6	0.04206	BBB2	3.71	6.62
7/1/2021	05THY7XX	US718286BX44	Philippines (Re	EMAD	PH	Emerging Markets	PHP	3.9	11/26/2022	30800	631	9.5	0.2	0.01302	BBB2	3.44	1.35
7/1/2021	05R62EXX	US718286BM88	Philippines (Re	EMAD	PH	Emerging Markets	PHP	6.25	1/14/2036	54770	1122	20.5	0.4	0.028	BBB2	4.45	9.74
7/1/2021	241ALFXX	PHY6972FXZ89	Philippines (Re	EMAD	PH	Emerging Markets	PHP	4.5	4/20/2024	55097	1128.7	18	0.4	0.02461	BBB2	2.36	2.62
7/1/2021	24HHOXXX	PHY6972FYD68	Philippines (Re	EMAD	PH	Emerging Markets	PHP	4.75	5/4/2027	228936	4689.9	76.1	1.6	0.10399	BBB2	3.28	5.08
7/1/2021	1JNC4PXX	PHY6972FWM85	Philippines (Re	EMAD	PH	Emerging Markets	PHP	3.5	4/21/2023	181772	3723.7	57.6	1.2	0.07877	BBB2	1.89	1.74
7/1/2021	2G0FLPXX	PHY6972FZP89	Philippines (Re	EMAD	PH	Emerging Markets	PHP	4.63	12/4/2022	255359.3	5231.2	81.6	1.7	0.11157	BBB2	1.77	1.38
7/1/2021	1S140IXX	PHY6972FWX41	Philippines (Re	EMAD	PH	Emerging Markets	PHP	3.5	9/20/2026	100125.7	2051.1	31.4	0.6	0.04286	BBB2	3.07	4.76
7/1/2021	25HSD6XX	PHY6972FYG99	Philippines (Re	EMAD	PH	Emerging Markets	PHP	5.25	5/18/2037	30000	614.6	9.7	0.2	0.01329	BBB2	4.78	10.78
7/1/2021	0EKZ8DXX	PHY6972FUR90	Philippines (Re	EMAD	PH	Emerging Markets	PHP	3.25	8/15/2023	141422.5	2897.1	44.6	0.9	0.06095	BBB2	2.04	2.04
7/1/2021	0V4B35XX	PHY6972FVB30	Philippines (Re	EMAD	PH	Emerging Markets	PHP	4.13	8/20/2024	119476.3	2447.5	38.9	0.8	0.05318	BBB2	2.51	2.9
7/1/2021	19FXWQXX	PHY6972FVW76	Philippines (Re	EMAD	PH	Emerging Markets	PHP	3.63	9/9/2025	288659.5	5913.3	92.6	1.9	0.12652	BBB2	2.72	3.84
7/1/2021	19FXWRXX	PHY6972FVX59	Philippines (Re	EMAD	PH	Emerging Markets	PHP	4.63	9/9/2040	182558	3739.8	54.2	1.1	0.07403	BBB2	5	12.26
7/1/2021	19FVALXX	PL0000108866	Poland (Republi	EMAD	PL	Emerging Markets	PLN	2.5	7/25/2026	46304.8	12163.1	25.1	6.6	0.43965	A2	1.26	4.67
7/1/2021	0ECBAKXX	PL0000107611	Poland (Republi	EMAD	PL	Emerging Markets	PLN	2.75	4/25/2028	35207.6	9248.1	19.2	5	0.336	A2	1.44	6.22
7/1/2021	0S9Z65XX	PL0000108197	Poland (Republi	EMAD	PL	Emerging Markets	PLN	3.25	7/25/2025	38428.5	10094.2	21.5	5.6	0.37678	A2	1.01	3.74
7/1/2021	2A1T3RXX	PL0000110151	Poland (Republi	EMAD	PL	Emerging Markets	PLN	2.5	1/25/2023	32685.4	8585.6	17.1	4.5	0.29965	A2	0.23	1.54
7/1/2021	20C1FTXX	PL0000109765	Poland (Republi	EMAD	PL	Emerging Markets	PLN	4	4/25/2047	3758.9	987.4	2.5	0.6	0.04324	A2	2.39	17.28
7/1/2021	1RQ6A2XX	PL0000109427	Poland (Republi	EMAD	PL	Emerging Markets	PLN	2.5	7/25/2027	31971.4	8398	17.4	4.6	0.30461	A2	1.38	5.52
7/1/2021	05PHM1XX	PL0000107264	Poland (Republi	EMAD	PL	Emerging Markets	PLN	4	10/25/2023	26786.9	7036.2	14.9	3.9	0.26045	A2	0.42	2.2
7/1/2021	05IGE2XX	PL0000102646	Poland (Republi	EMAD	PL	Emerging Markets	PLN	5.75	9/23/2022	22529.1	5917.8	12.5	3.3	0.21965	A2	0.16	1.18
7/1/2021	053C3QXX	PL0000105391	Poland (Republi	EMAD	PL	Emerging Markets	PLN	5.75	4/25/2029	8680.3	2280.1	5.7	1.5	0.10018	A2	1.55	6.54
7/1/2021	3PXO4CXX	PL0000111498	Poland (Republi	EMAD	PL	Emerging Markets	PLN	2.75	10/25/2029	47343.4	12435.9	26.4	6.9	0.46193	A2	1.52	7.35
7/1/2021	3YZIQRXX	PL0000111720	Poland (Republi	EMAD	PL	Emerging Markets	PLN	2.25	10/25/2024	33759.1	8867.6	18	4.7	0.31479	A2	0.74	3.17
7/1/2021	3CXCLVXX	PL0000111191	Poland (Republi	EMAD	PL	Emerging Markets	PLN	2.5	4/25/2024	32053.1	8419.5	16.9	4.5	0.297	A2	0.59	2.73
7/1/2021	4EHN2NXX	PL0000112165	Poland (Republi	EMAD	PL	Emerging Markets	PLN	0	7/25/2022	31439.1	8258.2	15.7	4.1	0.27513	A2	0.13	1.06
7/1/2021	55OHZ2XX	PL0000112728	Poland (Republi	EMAD	PL	Emerging Markets	PLN	0.75	4/25/2025	28664.2	7529.3	14.3	3.8	0.25036	A2	0.87	3.74
7/1/2021	55OI7NXX	PL0000112736	Poland (Republi	EMAD	PL	Emerging Markets	PLN	1.25	10/25/2030	33329.7	8754.9	16.3	4.3	0.28517	A2	1.61	8.63
7/1/2021	5C2KI0XX	PL0000112900	Poland (Republi	EMAD	PL	Emerging Markets	PLN	0	4/25/2023	17626.6	4630.1	8.7	2.3	0.15334	A2	0.38	1.81
7/1/2021	61MVSHXX	PL0000113460	Poland (Republi	EMAD	PL	Emerging Markets	PLN	0.25	10/25/2026	19070.3	5009.3	9	2.4	0.15689	A2	1.47	5.2
7/1/2021	5PBD2KXX	RU000A1028E3	Russian Federat	EMAD	RU	Emerging Markets	RUB	5.9	3/12/2031	483816.5	6622.7	763.8	10.5	0.6976	BBB2	7.06	7.06
7/1/2021	5RWW03XX	RU000A102BT8	Russian Federat	EMAD	RU	Emerging Markets	RUB	5.7	5/17/2028	500000	6844.3	792.4	10.8	0.72373	BBB2	6.95	5.53
7/1/2021	583CXNXX	RU000A101QE0	Russian Federat	EMAD	RU	Emerging Markets	RUB	4.5	7/16/2025	496714.3	6799.3	787.9	10.8	0.71962	BBB2	6.82	3.54
7/1/2021	4L8ET6XX	RU000A1014N4	Russian Federat	EMAD	RU	Emerging Markets	RUB	6	10/6/2027	450000	6159.8	734.2	10.1	0.6706	BBB2	6.93	5.06
7/1/2021	4UAF3FXX	RU000A101F94	Russian Federat	EMAD	RU	Emerging Markets	RUB	6.1	7/18/2035	450000	6159.8	712.8	9.8	0.65108	BBB2	7.07	8.87
7/1/2021	4UAF3GXX	RU000A101FA1	Russian Federat	EMAD	RU	Emerging Markets	RUB	5.3	10/4/2023	151476.2	2073.5	251.3	3.4	0.22954	BBB2	6.78	2.06
7/1/2021	3L381RXX	RU000A0ZZYW2	Russian Federat	EMAD	RU	Emerging Markets	RUB	7.95	10/7/2026	350000	4791	628.4	8.6	0.57393	BBB2	6.9	4.22
7/1/2021	2Q4WXFXX	RU000A0ZYUA9	Russian Federat	EMAD	RU	Emerging Markets	RUB	6.9	5/23/2029	350000	4791	592.5	8.1	0.54116	BBB2	6.95	5.99
7/1/2021	3XFSZ0XX	RU000A100A82	Russian Federat	EMAD	RU	Emerging Markets	RUB	7.65	4/10/2030	450000	6159.8	802.8	11	0.7332	BBB2	7.01	6.31
7/1/2021	3UMYZRXX	RU000A1007F4	Russian Federat	EMAD	RU	Emerging Markets	RUB	7.4	7/17/2024	398114.2	5449.6	705.8	9.7	0.64462	BBB2	6.79	2.62
7/1/2021	46NL1WXX	RU000A100MY9	Russian Federat	EMAD	RU	Emerging Markets	RUB	0.25	7/20/2044	212636	2910.7	80.3	1.1	0.07332	BBB2	7.2	20.51
7/1/2021	41HJA3XX	RU000A100EG3	Russian Federat	EMAD	RU	Emerging Markets	RUB	7.15	11/12/2025	450000	6159.8	775.2	10.6	0.708	BBB2	6.86	3.68
7/1/2021	41HJMBXX	RU000A100EF5	Russian Federat	EMAD	RU	Emerging Markets	RUB	7.7	3/16/2039	300000	4106.6	545.6	7.5	0.4983	BBB2	7.1	9.69
7/1/2021	6EM95HXX	RU000A1038Z7	Russian Federat	EMAD	RU	Emerging Markets	RUB	6.7	3/14/2029	20000	273.8	33.3	0.5	0.03037	BBB2	7.01	5.91
7/1/2021	6EM95IXX	RU000A103901	Russian Federat	EMAD	RU	Emerging Markets	RUB	6.9	7/23/2031	24111.1	330	40.1	0.5	0.03664	BBB2	7.14	7.13
7/1/2021	05R2PQXX	RU000A0JSMA2	Russian Federat	EMAD	RU	Emerging Markets	RUB	7.6	7/20/2022	293579	4018.7	520	7.1	0.47493	BBB2	6.15	0.98
7/1/2021	05QDR0XX	RU000A0JS3W6	Russian Federat	EMAD	RU	Emerging Markets	RUB	8.15	2/3/2027	350000	4791	643.9	8.8	0.5881	BBB2	6.89	4.36
7/1/2021	06VM3TXX	RU000A0JTJL3	Russian Federat	EMAD	RU	Emerging Markets	RUB	7	1/25/2023	150000	2053.3	262.4	3.6	0.23968	BBB2	6.64	1.42
7/1/2021	06VNHTXX	RU000A0JTK38	Russian Federat	EMAD	RU	Emerging Markets	RUB	7.05	1/19/2028	388050	5311.8	679.7	9.3	0.62079	BBB2	6.91	5.05
7/1/2021	1Z6QKCXX	RU000A0JXB41	Russian Federat	EMAD	RU	Emerging Markets	RUB	7.4	12/7/2022	350000	4791	602.3	8.2	0.55012	BBB2	6.4	1.34
7/1/2021	1ZSJ6HXX	RU000A0JXFM1	Russian Federat	EMAD	RU	Emerging Markets	RUB	7.7	3/23/2033	350000	4791	630.9	8.6	0.57625	BBB2	7.06	7.65
7/1/2021	24WOS7XX	RU000A0JXQF2	Russian Federat	EMAD	RU	Emerging Markets	RUB	7.1	10/16/2024	386192.5	5286.4	667.5	9.1	0.60968	BBB2	6.79	2.87
7/1/2021	1N410KXX	RU000A0JWM07	Russian Federat	EMAD	RU	Emerging Markets	RUB	7.75	9/16/2026	350000	4791	625.7	8.6	0.57149	BBB2	6.89	4.18
7/1/2021	1G9AI1XX	RU000A0JVW48	Russian Federat	EMAD	RU	Emerging Markets	RUB	8.5	9/17/2031	250000	3422.1	474.9	6.5	0.43378	BBB2	7.06	6.83
7/1/2021	2Q2DIEXX	RU000A0ZYUB7	Russian Federat	EMAD	RU	Emerging Markets	RUB	7.25	5/10/2034	350000	4791	603.9	8.3	0.5516	BBB2	7.07	8.28
7/1/2021	2Q2EEZXX	RU000A0ZYU88	Russian Federat	EMAD	RU	Emerging Markets	RUB	6.5	2/28/2024	339422.8	4646.2	583.1	8	0.53256	BBB2	6.71	2.36
7/1/2021	0EJQXMXX	RU000A0JU4L3	Russian Federat	EMAD	RU	Emerging Markets	RUB	7	8/16/2023	250000	3422.1	435.8	6	0.39805	BBB2	6.69	1.91
7/1/2021	0FY4KRXX	TH062303O600	Thailand (Kingd	EMAD	TH	Emerging Markets	THB	4.68	6/29/2044	140057	4370	59.7	1.9	0.12432	BBB1	2.53	15.5
7/1/2021	1C9H60XX	TH062303G606	Thailand (Kingd	EMAD	TH	Emerging Markets	THB	3.4	6/17/2036	189290	5906.1	66.9	2.1	0.13925	BBB1	2.31	11.93
7/1/2021	1CM1SDXX	TH0623A3G607	Thailand (Kingd	EMAD	TH	Emerging Markets	THB	4	6/17/2066	186081	5806	71.9	2.2	0.14971	BBB1	3.01	23.15
7/1/2021	2EQY3OXX	TH062303H604	Thailand (Kingd	EMAD	TH	Emerging Markets	THB	3.6	6/17/2067	141187	4405.2	50.4	1.6	0.10495	BBB1	3	23.91
7/1/2021	29VHICXX	TH0623032C00	Thailand (Kingd	EMAD	TH	Emerging Markets	THB	2	12/17/2022	169890	5300.8	53.9	1.7	0.11228	BBB1	0.5	1.44
7/1/2021	1NJC00XX	TH062303Q605	Thailand (Kingd	EMAD	TH	Emerging Markets	THB	2.88	6/17/2046	178985	5584.6	58.4	1.8	0.12155	BBB1	2.6	17.92
7/1/2021	1P4AL2XX	TH0623036C06	Thailand (Kingd	EMAD	TH	Emerging Markets	THB	2.13	12/17/2026	231353	7218.5	76.4	2.4	0.15901	BBB1	0.95	5.17
7/1/2021	05SKPVXX	TH0623A3K609	Thailand (Kingd	EMAD	TH	Emerging Markets	THB	5	6/22/2040	20000	624	8.6	0.3	0.01801	BBB1	2.42	13.38
7/1/2021	05W24DXX	TH062303HC09	Thailand (Kingd	EMAD	TH	Emerging Markets	THB	4.26	12/12/2037	235581	7350.4	89.8	2.8	0.18688	BBB1	2.41	11.17
7/1/2021	05RVL3XX	TH0623038302	Thailand (Kingd	EMAD	TH	Emerging Markets	THB	5.67	3/13/2028	61950	1932.9	24.9	0.8	0.05178	BBB1	1.35	5.69
7/1/2021	05S1T7XX	TH0623A3B608	Thailand (Kingd	EMAD	TH	Emerging Markets	THB	3.65	6/20/2031	198108	6181.2	71.9	2.2	0.14974	BBB1	1.8	8.5
7/1/2021	05PZEEXX	TH0623037C05	Thailand (Kingd	EMAD	TH	Emerging Markets	THB	3.58	12/17/2027	70780	2208.4	25	0.8	0.05202	BBB1	1.38	5.83
7/1/2021	05N0YDXX	TH0623A3C606	Thailand (Kingd	EMAD	TH	Emerging Markets	THB	3.78	6/25/2032	246510	7691.4	90.8	2.8	0.18903	BBB1	1.9	9.18
7/1/2021	05NG4NXX	TH0623B3B607	Thailand (Kingd	EMAD	TH	Emerging Markets	THB	4.85	6/17/2061	165902	5176.3	74	2.3	0.15403	BBB1	2.98	21.07
7/1/2021	054AX6XX	TH0623033600	Thailand (Kingd	EMAD	TH	Emerging Markets	THB	3.63	6/16/2023	193573	6039.7	63.8	2	0.13278	BBB1	0.55	1.9
7/1/2021	053617XX	TH0623034400	Thailand (Kingd	EMAD	TH	Emerging Markets	THB	4.5	4/9/2024	31000	967.2	10.7	0.3	0.02238	BBB1	0.6	2.62
7/1/2021	0513SHXX	TH0623032B01	Thailand (Kingd	EMAD	TH	Emerging Markets	THB	5.13	11/8/2022	26000	811.2	8.6	0.3	0.01797	BBB1	0.51	1.31
7/1/2021	0512W1XX	TH0623036702	Thailand (Kingd	EMAD	TH	Emerging Markets	THB	6.15	7/7/2026	49000	1528.9	19.1	0.6	0.03983	BBB1	0.87	4.46
7/1/2021	04V1U1XX	TH0623035C07	Thailand (Kingd	EMAD	TH	Emerging Markets	THB	3.85	12/12/2025	205270.8	6404.7	72.4	2.3	0.15073	BBB1	0.78	4.13
7/1/2021	04REDIXX	TH0623033303	Thailand (Kingd	EMAD	TH	Emerging Markets	THB	5.5	3/13/2023	50700	1581.9	17.3	0.5	0.03606	BBB1	0.53	1.62
7/1/2021	04SJYRXX	TH0623034C08	Thailand (Kingd	EMAD	TH	Emerging Markets	THB	4.75	12/20/2024	47000	1466.5	16.7	0.5	0.0347	BBB1	0.64	3.24
7/1/2021	05HZVNXX	TH0623B3L606	Thailand (Kingd	EMAD	TH	Emerging Markets	THB	3.8	6/14/2041	95936	2993.3	36.3	1.1	0.07549	BBB1	2.43	14.58
7/1/2021	05H2WMXX	TH0623039607	Thailand (Kingd	EMAD	TH	Emerging Markets	THB	4.88	6/22/2029	223252	6965.7	86.9	2.7	0.18101	BBB1	1.5	6.81
7/1/2021	68H2U1XX	TH0623X3BC03	Thailand (Kingd	EMAD	TH	Emerging Markets	THB	2	12/17/2031	82004	2558.6	26	0.8	0.05412	BBB1	1.79	9.41
7/1/2021	473SUJXX	TH062303F608	Thailand (Kingd	EMAD	TH	Emerging Markets	THB	1.6	6/17/2035	99310	3098.6	28.8	0.9	0.05999	BBB1	2.15	12.36
7/1/2021	47Z63LXX	TH0623A34C09	Thailand (Kingd	EMAD	TH	Emerging Markets	THB	1.45	12/17/2024	243241	7589.4	77.7	2.4	0.16168	BBB1	0.64	3.38
7/1/2021	3J7HMPXX	TH062303I602	Thailand (Kingd	EMAD	TH	Emerging Markets	THB	3.3	6/17/2038	251339	7842.1	88	2.7	0.18318	BBB1	2.39	13.21
7/1/2021	35Y9AEXX	TH0623A33C00	Thailand (Kingd	EMAD	TH	Emerging Markets	THB	2.4	12/17/2023	202692	6324.2	65.8	2.1	0.13702	BBB1	0.56	2.4
7/1/2021	32MHBYXX	TH0623038C04	Thailand (Kingd	EMAD	TH	Emerging Markets	THB	2.88	12/17/2028	189210	5903.6	65	2	0.13526	BBB1	1.39	6.76
7/1/2021	4FJHVYXX	TH0623X3T603	Thailand (Kingd	EMAD	TH	Emerging Markets	THB	1.88	6/17/2049	62374	1946.1	16.2	0.5	0.0337	BBB1	2.72	20.89
7/1/2021	4HOO0IXX	TH0623039C03	Thailand (Kingd	EMAD	TH	Emerging Markets	THB	1.6	12/17/2029	208751	6513.3	64.9	2	0.13506	BBB1	1.59	7.88
7/1/2021	5OFLTAXX	TH0623034608	Thailand (Kingd	EMAD	TH	Emerging Markets	THB	0.75	6/17/2024	174000	5429	54.2	1.7	0.11294	BBB1	0.62	2.93
7/1/2021	5OFLTBXX	TH062303M604	Thailand (Kingd	EMAD	TH	Emerging Markets	THB	2	6/17/2042	60997	1903.2	17.6	0.5	0.03659	BBB1	2.45	16.83
7/1/2021	5OLRXYXX	TH0623X3L600	Thailand (Kingd	EMAD	TH	Emerging Markets	THB	2.5	6/17/2071	31588	985.6	8.6	0.3	0.01794	BBB1	2.97	26.87
7/1/2021	5F6415XX	TH062303FC01	Thailand (Kingd	EMAD	TH	Emerging Markets	THB	1.59	12/17/2035	100000	3120.1	28.7	0.9	0.05982	BBB1	2.19	12.76
7/1/2021	5H56PQXX	TH0623035605	Thailand (Kingd	EMAD	TH	Emerging Markets	THB	0.95	6/17/2025	238211	7432.5	74.7	2.3	0.15557	BBB1	0.69	3.88
7/1/2021	05AR9GXX	ZAG000077470	South Africa (R	EMAD	ZA	Emerging Markets	ZAR	7	2/28/2031	136200	9538.7	41.9	2.9	0.1957	BB2	9.26	6.47
7/1/2021	05JIM1XX	ZAG000030404	South Africa (R	EMAD	ZA	Emerging Markets	ZAR	6.25	3/31/2036	104262.6	7301.9	26.4	1.8	0.12323	BB2	10.08	8.23
7/1/2021	05MBSKXX	ZAG000016320	South Africa (R	EMAD	ZA	Emerging Markets	ZAR	10.5	12/21/2027	358807	25128.7	142.6	10	0.66651	BB2	7.41	4.21
7/1/2021	05LQX6XX	ZAG000096165	South Africa (R	EMAD	ZA	Emerging Markets	ZAR	7.75	2/28/2023	130737	9156.1	48.6	3.4	0.22693	BB2	5.29	1.52
7/1/2021	05P129XX	ZAG000096173	South Africa (R	EMAD	ZA	Emerging Markets	ZAR	8.75	2/28/2049	321536	22518.5	98.2	6.9	0.45907	BB2	10.47	8.83
7/1/2021	05S9A2XX	ZAG000077488	South Africa (R	EMAD	ZA	Emerging Markets	ZAR	6.5	2/28/2041	93381.9	6539.9	22.6	1.6	0.10555	BB2	10.47	8.78
7/1/2021	197DUCXX	ZAG000125980	South Africa (R	EMAD	ZA	Emerging Markets	ZAR	9	1/31/2040	141694	9923.4	45.2	3.2	0.21139	BB2	10.51	7.99
7/1/2021	16RO2JXX	ZAG000125972	South Africa (R	EMAD	ZA	Emerging Markets	ZAR	8.88	2/28/2035	193146	13526.8	63.2	4.4	0.29522	BB2	10.14	7.28
7/1/2021	0SCT0UXX	ZAG000107004	South Africa (R	EMAD	ZA	Emerging Markets	ZAR	8.25	3/31/2032	214309	15008.9	69.8	4.9	0.3263	BB2	9.56	6.68
7/1/2021	0TSWB2XX	ZAG000106972	South Africa (R	EMAD	ZA	Emerging Markets	ZAR	8.75	1/31/2045	181749	12728.6	56	3.9	0.26176	BB2	10.54	8.45
7/1/2021	0EJS4IXX	ZAG000106998	South Africa (R	EMAD	ZA	Emerging Markets	ZAR	8	1/31/2030	293350	20544.5	100.4	7	0.46928	BB2	8.88	5.83
7/1/2021	0DOO34XX	ZAG000107012	South Africa (R	EMAD	ZA	Emerging Markets	ZAR	8.5	1/31/2037	212704	14896.5	66.4	4.7	0.31027	BB2	10.34	7.66
